{
    "init_lr": 0.03556763545615534,
    "stop_lr": 0.027006587858450365,
    "lr_factor": 0.99,
    "start_subsample": 0.8356598135234806,
    "stop_subsample": 0.9236046143025769,
    "timespan_subsample": 2,
    "timespan_offset_subsample": 3,
    "start_weight": 1,
    "stop_weight": 10,
    "timespan_weight": 3,
    "timespan_offset_weight": 2,
    "colsample": 0.5809508950462731,
    "max_depth": 6,
    "early_stopping_rounds": 39,
    "lambda": 0.10891545684104388,
    "alpha": 0.024423244510390435
}