{
    "init_lr": 0.05711156157693596,
    "stop_lr": 0.035962457968382294,
    "lr_factor": 1,
    "start_subsample": 0.774195833455708,
    "stop_subsample": 0.9019308737278332,
    "timespan_subsample": 3,
    "timespan_offset_subsample": 2,
    "start_weight": 1,
    "stop_weight": 8,
    "timespan_weight": 2,
    "timespan_offset_weight": 1,
    "colsample": 0.38356191798371986,
    "max_depth": 8,
    "early_stopping_rounds": 24,
    "lambda": 0.0009990867975430012,
    "alpha": 2.3742269991385865e-07
}