{
    "loss": "huber",
    "epsilon": 0.7503275258567418,
    "penalty": "l1",
    "alpha": 0.0008724214827801626,
    "tol": 0.0006748548935940374,
    "n_iter_no_change": 92
}