{
    "init_lr": 0.06487168198619869,
    "stop_lr": 0.03300969710319312,
    "lr_factor": 1,
    "start_subsample": 0.6550457334512634,
    "stop_subsample": 0.9102460311134671,
    "timespan_subsample": 3,
    "timespan_offset_subsample": 1,
    "start_weight": 9,
    "stop_weight": 1,
    "timespan_weight": 3,
    "timespan_offset_weight": 3,
    "colsample": 0.1871354152625513,
    "max_depth": 10,
    "early_stopping_rounds": 79,
    "lambda": 0.00010250946912005392,
    "alpha": 1.496471061785469e-06
}