{
    "patience": 89,
    "lr": 0.032490778496571476,
    "lr_wdecay": 0.0002792801482530403,
    "hidden_dim": 265,
    "dropout": 0.37413902804762,
    "n_layers": 2
}