{
    "patience": 91,
    "lr": 0.006062713809382156,
    "lr_wdecay": 0.006992895425770182,
    "hidden_dim": 64,
    "dropout": 0.8901700164051912,
    "n_layers": 4
}