{
    "init_lr": 0.0392242161895892,
    "stop_lr": 0.009306416041275953,
    "lr_factor": 0.99,
    "start_subsample": 0.6763863182440772,
    "stop_subsample": 0.7119053385954788,
    "timespan_subsample": 1,
    "timespan_offset_subsample": 1,
    "start_weight": 2,
    "stop_weight": 6,
    "timespan_weight": 2,
    "timespan_offset_weight": 1,
    "colsample": 0.5613998492168553,
    "max_depth": 1,
    "early_stopping_rounds": 36,
    "lambda": 1.9091239235750953e-07,
    "alpha": 0.19125723555824814
}