{
    "init_lr": 0.09054512668722733,
    "stop_lr": 0.03625703466073257,
    "lr_factor": 0.99,
    "start_subsample": 0.6302333854442883,
    "stop_subsample": 0.7531484438565735,
    "timespan_subsample": 3,
    "timespan_offset_subsample": 2,
    "start_weight": 6,
    "stop_weight": 1,
    "timespan_weight": 2,
    "timespan_offset_weight": 1,
    "colsample": 0.9220577781159995,
    "max_depth": 14,
    "early_stopping_rounds": 48,
    "lambda": 1.0015300868701218e-08,
    "alpha": 0.04746551472995518
}