{
    "patience": 79,
    "lr": 0.004322093413801493,
    "lr_wdecay": 0.09999454571330751,
    "hidden_dim": 128,
    "dropout": 0.3373230980240588,
    "n_layers": 2
}