{
    "patience": 51,
    "lr": 0.006822722792671095,
    "lr_wdecay": 0.0664229017105138,
    "hidden_dim": 32,
    "dropout": 0.42014227990899433,
    "n_layers": 2
}