{
    "patience": 99,
    "lr": 0.01502062725637836,
    "lr_wdecay": 0.03629832958572945,
    "hidden_dim": 265,
    "dropout": 0.015406403205573405,
    "n_layers": 2
}