{
    "patience": 48,
    "lr": 0.0013316598119154511,
    "lr_wdecay": 0.012864530067520911,
    "hidden_dim": 128,
    "dropout": 0.17800611379124134,
    "n_layers": 2
}