{
    "tree_size": 35,
    "memory_par": 0.039988199134465593,
    "lin_trim_quantile": 0.10426664209785041,
    "exp_rand_tree_size": true
}