{
    "init_lr": 0.09785103996959338,
    "stop_lr": 0.08316866793782754,
    "lr_factor": 1,
    "start_subsample": 0.7823437596655166,
    "stop_subsample": 0.8631984248493065,
    "timespan_subsample": 1,
    "timespan_offset_subsample": 3,
    "start_weight": 9,
    "stop_weight": 3,
    "timespan_weight": 1,
    "timespan_offset_weight": 3,
    "colsample": 0.4180703775143867,
    "max_depth": 15,
    "early_stopping_rounds": 99,
    "lambda": 0.0001706848426014667,
    "alpha": 0.031312198608222666
}