{
    "patience": 38,
    "lr": 0.004055070705717049,
    "lr_wdecay": 0.02197825045799058,
    "hidden_dim": 128,
    "dropout": 0.7689129185723225,
    "n_layers": 3
}