{
    "patience": 97,
    "lr": 0.011396556758394948,
    "lr_wdecay": 0.004228912269115389,
    "hidden_dim": 265,
    "dropout": 0.7801857260016423,
    "n_layers": 2
}