{
    "loss": "huber",
    "epsilon": 0.020515673043346068,
    "penalty": "l2",
    "alpha": 0.07776125881298308,
    "tol": 0.006950893666086454,
    "n_iter_no_change": 80
}