{
    "init_lr": 0.4681773866676701,
    "stop_lr": 0.3540434473918354,
    "lr_factor": 1,
    "start_subsample": 0.886209566329899,
    "stop_subsample": 0.9575511868398179,
    "timespan_subsample": 1,
    "timespan_offset_subsample": 2,
    "start_weight": 1,
    "stop_weight": 2,
    "timespan_weight": 1,
    "timespan_offset_weight": 3,
    "colsample": 0.834260137256768,
    "max_depth": 7,
    "early_stopping_rounds": 75,
    "lambda": 1.4881846535535457e-05,
    "alpha": 0.04452169848777074
}