{
    "init_lr": 0.11139223072948046,
    "stop_lr": 0.01851907272839802,
    "lr_factor": 0.99,
    "start_subsample": 0.3749268694020599,
    "stop_subsample": 0.667303366322995,
    "timespan_subsample": 2,
    "timespan_offset_subsample": 2,
    "start_weight": 9,
    "stop_weight": 4,
    "timespan_weight": 2,
    "timespan_offset_weight": 2,
    "colsample": 0.5840612447257438,
    "max_depth": 12,
    "early_stopping_rounds": 81,
    "lambda": 6.666892035723084e-05,
    "alpha": 0.04133865477706523
}