{
    "tree_size": 75,
    "memory_par": 0.03318115920433682,
    "lin_trim_quantile": 0.7088239293176103,
    "exp_rand_tree_size": false
}