{
    "loss": "huber",
    "epsilon": 0.05222441479297129,
    "penalty": "l1",
    "alpha": 0.004125518061601711,
    "tol": 0.0023112698455018156,
    "n_iter_no_change": 89
}