{
    "init_lr": 0.5177527008925931,
    "stop_lr": 0.49888585899677373,
    "lr_factor": 0.95,
    "start_subsample": 0.5006655908771669,
    "stop_subsample": 0.6175803187244006,
    "timespan_subsample": 3,
    "timespan_offset_subsample": 3,
    "start_weight": 1,
    "stop_weight": 3,
    "timespan_weight": 1,
    "timespan_offset_weight": 1,
    "colsample": 0.878533019219915,
    "max_depth": 13,
    "early_stopping_rounds": 62,
    "lambda": 7.012891740197508e-08,
    "alpha": 0.07177542037437606
}