{
    "patience": 20,
    "lr": 0.06261427586111823,
    "lr_wdecay": 0.01833844876332678,
    "hidden_dim": 64,
    "dropout": 0.24450357579013476,
    "n_layers": 3
}