{
    "patience": 38,
    "lr": 0.0021680237630304863,
    "lr_wdecay": 0.009104141061419251,
    "hidden_dim": 265,
    "dropout": 0.8067795512453781,
    "n_layers": 3
}