{
    "patience": 73,
    "lr": 0.02370462176955801,
    "lr_wdecay": 0.04929036835565653,
    "hidden_dim": 64,
    "dropout": 0.6110752249475391,
    "n_layers": 3
}