{
    "patience": 27,
    "lr": 0.004660644578117873,
    "lr_wdecay": 0.0453624646489766,
    "hidden_dim": 32,
    "dropout": 0.11609209568545176,
    "n_layers": 3
}