{
    "tree_size": 2,
    "memory_par": 0.002508600220659014,
    "lin_trim_quantile": 0.013684862481759957,
    "exp_rand_tree_size": true
}