{
    "init_lr": 0.8467534164961945,
    "stop_lr": 0.4631673282023486,
    "lr_factor": 1,
    "start_subsample": 0.8492542087895101,
    "stop_subsample": 0.9806458074897497,
    "timespan_subsample": 3,
    "timespan_offset_subsample": 1,
    "start_weight": 10,
    "stop_weight": 1,
    "timespan_weight": 2,
    "timespan_offset_weight": 1,
    "colsample": 0.9743606410454088,
    "max_depth": 2,
    "early_stopping_rounds": 50,
    "lambda": 0.11862396801737624,
    "alpha": 3.057902610410158e-05
}