{
    "init_lr": 0.15333583081712554,
    "stop_lr": 0.10731691344985009,
    "lr_factor": 0.95,
    "start_subsample": 0.7846662048515897,
    "stop_subsample": 0.8960094569184588,
    "timespan_subsample": 3,
    "timespan_offset_subsample": 3,
    "start_weight": 1,
    "stop_weight": 6,
    "timespan_weight": 3,
    "timespan_offset_weight": 1,
    "colsample": 0.681682521360675,
    "max_depth": 2,
    "early_stopping_rounds": 34,
    "lambda": 0.01034256881715428,
    "alpha": 0.0008194523790479753
}