{
    "init_lr": 0.04021660601948507,
    "stop_lr": 0.019035438277596056,
    "lr_factor": 1,
    "start_subsample": 0.649057125216766,
    "stop_subsample": 0.9227338198488956,
    "timespan_subsample": 1,
    "timespan_offset_subsample": 2,
    "start_weight": 7,
    "stop_weight": 4,
    "timespan_weight": 3,
    "timespan_offset_weight": 3,
    "colsample": 0.10626530129991231,
    "max_depth": 14,
    "early_stopping_rounds": 78,
    "lambda": 7.228101349361752e-06,
    "alpha": 0.013747938123615541
}