{
    "tree_size": 34,
    "memory_par": 0.06101821444353546,
    "lin_trim_quantile": 0.11818122201189407,
    "exp_rand_tree_size": true
}