{
    "patience": 92,
    "lr": 0.004456715993433751,
    "lr_wdecay": 0.0031363198616411836,
    "hidden_dim": 32,
    "dropout": 0.06044101467336788,
    "n_layers": 2
}