{
    "patience": 100,
    "lr": 0.0010012904325780515,
    "lr_wdecay": 0.003039232123973565,
    "hidden_dim": 265,
    "dropout": 0.6127697986050543,
    "n_layers": 3
}