{
    "patience": 51,
    "lr": 0.007991667243238583,
    "lr_wdecay": 3.52500719178056e-05,
    "hidden_dim": 128,
    "dropout": 0.48710449146631574,
    "n_layers": 2
}