{
    "patience": 37,
    "lr": 0.0017931726081751162,
    "lr_wdecay": 0.0023951986012261013,
    "hidden_dim": 128,
    "dropout": 0.6288871011180701,
    "n_layers": 4
}