{
    "loss": "epsilon_insensitive",
    "epsilon": 0.011328606544864743,
    "penalty": "l1",
    "alpha": 0.011909936302719176,
    "tol": 0.00011117269580780054,
    "n_iter_no_change": 65
}