{
    "loss": "huber",
    "epsilon": 0.21464161073129687,
    "penalty": "l2",
    "alpha": 0.013066353628258892,
    "tol": 3.2212286651941566e-05,
    "n_iter_no_change": 12
}