{
    "loss": "perceptron",
    "penalty": "elasticnet",
    "l1_ratio": 0.15159202372605293,
    "alpha": 0.26806612124706486,
    "tol": 0.004453358374821106,
    "n_iter_no_change": 53
}