{
    "patience": 1,
    "lr": 0.008102361529669113,
    "lr_wdecay": 0.037927816603872275,
    "hidden_dim": 128,
    "dropout": 0.211471316397745,
    "n_layers": 2
}