{
    "tree_size": 11,
    "memory_par": 0.04886082708040054,
    "lin_trim_quantile": 0.8853054090619948,
    "exp_rand_tree_size": false
}