{
    "loss": "perceptron",
    "penalty": "elasticnet",
    "l1_ratio": 0.5113088693635733,
    "alpha": 0.0022309478250068368,
    "tol": 0.00013359786079463048,
    "n_iter_no_change": 66
}