{
    "loss": "huber",
    "epsilon": 0.16861525202505803,
    "penalty": "l2",
    "alpha": 0.2857407165165032,
    "tol": 4.879103310128251e-05,
    "n_iter_no_change": 50
}