{
    "tree_size": 27,
    "memory_par": 0.015170950476118371,
    "lin_trim_quantile": 0.9726371735722397,
    "exp_rand_tree_size": false
}