{
    "init_lr": 0.00486287883626603,
    "stop_lr": 0.001239797187112662,
    "lr_factor": 0.99,
    "start_subsample": 0.13648073356844231,
    "stop_subsample": 0.45862371639007427,
    "timespan_subsample": 1,
    "timespan_offset_subsample": 3,
    "start_weight": 2,
    "stop_weight": 1,
    "timespan_weight": 1,
    "timespan_offset_weight": 1,
    "colsample": 0.41602277169518154,
    "max_depth": 2,
    "early_stopping_rounds": 63,
    "lambda": 0.00017427930887059005,
    "alpha": 3.5207755759162604e-07
}