{
    "tree_size": 34,
    "memory_par": 0.0015513312172740817,
    "lin_trim_quantile": 0.04159651041371588,
    "exp_rand_tree_size": true
}