{
    "patience": 38,
    "lr": 0.006197709535231256,
    "lr_wdecay": 0.0031080810292785505,
    "hidden_dim": 265,
    "dropout": 0.6900767490317827,
    "n_layers": 3
}