{
    "patience": 0,
    "lr": 0.016267714767676144,
    "lr_wdecay": 0.014415792211160617,
    "hidden_dim": 265,
    "dropout": 0.3447404405443493,
    "n_layers": 3
}