{
    "init_lr": 0.4867811929209222,
    "stop_lr": 0.11758749565812521,
    "lr_factor": 0.99,
    "start_subsample": 0.47754419003902554,
    "stop_subsample": 0.7496383637111728,
    "timespan_subsample": 1,
    "timespan_offset_subsample": 2,
    "start_weight": 2,
    "stop_weight": 1,
    "timespan_weight": 3,
    "timespan_offset_weight": 1,
    "colsample": 0.5683128653858209,
    "max_depth": 9,
    "early_stopping_rounds": 99,
    "lambda": 4.0934355935963616e-08,
    "alpha": 8.773375610663741e-08
}