{
    "init_lr": 0.35647892682824867,
    "stop_lr": 0.29261969820609024,
    "lr_factor": 0.95,
    "start_subsample": 0.8633104376548527,
    "stop_subsample": 0.9858814857970757,
    "timespan_subsample": 2,
    "timespan_offset_subsample": 3,
    "start_weight": 1,
    "stop_weight": 2,
    "timespan_weight": 2,
    "timespan_offset_weight": 3,
    "colsample": 0.8221455329920628,
    "max_depth": 8,
    "early_stopping_rounds": 17,
    "lambda": 1.5875867186702522e-07,
    "alpha": 1.2968939413315965e-05
}