{
    "patience": 40,
    "lr": 0.19701703057701295,
    "lr_wdecay": 0.002798210835414693,
    "hidden_dim": 32,
    "dropout": 0.38212622977563493,
    "n_layers": 2
}