{
    "patience": 3,
    "lr": 0.0013760863482047527,
    "lr_wdecay": 0.001949971042667102,
    "hidden_dim": 64,
    "dropout": 0.1395596860623272,
    "n_layers": 4
}