{
    "patience": 100,
    "lr": 0.0019319754029137402,
    "lr_wdecay": 0.004572150451666258,
    "hidden_dim": 32,
    "dropout": 0.513688454779842,
    "n_layers": 2
}