{
    "patience": 77,
    "lr": 0.001692748964764258,
    "lr_wdecay": 8.008030876314724e-05,
    "hidden_dim": 64,
    "dropout": 0.18861434209991687,
    "n_layers": 4
}