{
    "init_lr": 0.009792474915746488,
    "stop_lr": 0.004660309705318378,
    "lr_factor": 1,
    "start_subsample": 0.514351592844923,
    "stop_subsample": 0.5818082805394296,
    "timespan_subsample": 1,
    "timespan_offset_subsample": 1,
    "start_weight": 1,
    "stop_weight": 10,
    "timespan_weight": 2,
    "timespan_offset_weight": 3,
    "colsample": 0.6248120830486753,
    "max_depth": 14,
    "early_stopping_rounds": 74,
    "lambda": 2.315520005575077e-05,
    "alpha": 0.35823828319892104
}