{
    "patience": 69,
    "lr": 0.3298530453967657,
    "lr_wdecay": 0.004717104044126522,
    "hidden_dim": 64,
    "dropout": 0.07017934620089417,
    "n_layers": 3
}