{
    "patience": 82,
    "lr": 0.06362461405516712,
    "lr_wdecay": 0.008261871666090714,
    "hidden_dim": 64,
    "dropout": 0.03281721413116892,
    "n_layers": 3
}