{
    "init_lr": 0.05664094891609506,
    "stop_lr": 0.0038175581534062412,
    "lr_factor": 0.99,
    "start_subsample": 0.9626514216392226,
    "stop_subsample": 0.9952986385785025,
    "timespan_subsample": 1,
    "timespan_offset_subsample": 1,
    "start_weight": 1,
    "stop_weight": 2,
    "timespan_weight": 2,
    "timespan_offset_weight": 3,
    "colsample": 0.4890029628950847,
    "max_depth": 7,
    "early_stopping_rounds": 81,
    "lambda": 6.867990024634612e-06,
    "alpha": 1.3624792235669596e-05
}