{
    "init_lr": 0.8221273489224461,
    "stop_lr": 0.7480973535153602,
    "lr_factor": 1,
    "start_subsample": 0.9317591920637414,
    "stop_subsample": 0.9768918219643624,
    "timespan_subsample": 3,
    "timespan_offset_subsample": 1,
    "start_weight": 1,
    "stop_weight": 9,
    "timespan_weight": 3,
    "timespan_offset_weight": 2,
    "colsample": 0.40221458793649323,
    "max_depth": 6,
    "early_stopping_rounds": 24,
    "lambda": 1.8154728003531054e-05,
    "alpha": 4.94081996826152e-07
}