{
    "tree_size": 43,
    "memory_par": 0.03955768529258555,
    "lin_trim_quantile": 0.7580294506968162,
    "exp_rand_tree_size": true
}