{
    "init_lr": 0.1643621918479092,
    "stop_lr": 0.044162188354454776,
    "lr_factor": 0.95,
    "start_subsample": 0.5866438405788992,
    "stop_subsample": 0.6875628771512992,
    "timespan_subsample": 3,
    "timespan_offset_subsample": 2,
    "start_weight": 4,
    "stop_weight": 1,
    "timespan_weight": 2,
    "timespan_offset_weight": 3,
    "colsample": 0.9429343429353255,
    "max_depth": 15,
    "early_stopping_rounds": 21,
    "lambda": 5.040444320813576e-07,
    "alpha": 2.3151048960689617e-06
}