{
    "patience": 50,
    "lr": 0.003545115276975265,
    "lr_wdecay": 0.02706737358298785,
    "hidden_dim": 265,
    "dropout": 0.4037935374740549,
    "n_layers": 2
}