{
    "patience": 20,
    "lr": 0.0022297692787430806,
    "lr_wdecay": 0.011083111924957874,
    "hidden_dim": 265,
    "dropout": 0.8979961670967378,
    "n_layers": 2
}