{
    "patience": 90,
    "lr": 0.009731686959684497,
    "lr_wdecay": 0.015778661122550684,
    "hidden_dim": 128,
    "dropout": 0.4490011897069601,
    "n_layers": 2
}