{
    "patience": 63,
    "lr": 0.008711302703219225,
    "lr_wdecay": 0.02563112340128735,
    "hidden_dim": 128,
    "dropout": 0.7535098463887455,
    "n_layers": 2
}