{
    "patience": 50,
    "lr": 0.23853174496531312,
    "lr_wdecay": 0.0017217246163123505,
    "hidden_dim": 64,
    "dropout": 0.21488792007530544,
    "n_layers": 2
}