{
    "patience": 84,
    "lr": 0.0031613918042784532,
    "lr_wdecay": 0.0027057670309551685,
    "hidden_dim": 64,
    "dropout": 0.5949665113992388,
    "n_layers": 3
}