{
    "init_lr": 0.28963626273144377,
    "stop_lr": 0.06246754945960373,
    "lr_factor": 0.95,
    "start_subsample": 0.5016728219445317,
    "stop_subsample": 0.6960028095709192,
    "timespan_subsample": 1,
    "timespan_offset_subsample": 2,
    "start_weight": 4,
    "stop_weight": 1,
    "timespan_weight": 3,
    "timespan_offset_weight": 3,
    "colsample": 0.39388222956754715,
    "max_depth": 2,
    "early_stopping_rounds": 64,
    "lambda": 0.09418582054367522,
    "alpha": 0.012271131856968818
}