{
    "tree_size": 14,
    "memory_par": 0.0020738520055729307,
    "lin_trim_quantile": 0.3519637289828069,
    "exp_rand_tree_size": true
}