{
    "patience": 85,
    "lr": 0.0012470794927896748,
    "lr_wdecay": 0.07639680901468293,
    "hidden_dim": 32,
    "dropout": 0.08453961275876876,
    "n_layers": 2
}