{
    "loss": "huber",
    "epsilon": 0.14635857996715151,
    "penalty": "l2",
    "alpha": 0.1577546025157281,
    "tol": 0.0004197477000027116,
    "n_iter_no_change": 5
}