{
    "loss": "squared_epsilon_insensitive",
    "epsilon": 0.7906139375799857,
    "penalty": "l2",
    "alpha": 1.9164596758168935,
    "tol": 1.2180125630776178e-06,
    "n_iter_no_change": 95
}