{
    "tree_size": 51,
    "memory_par": 0.0021936861793538155,
    "lin_trim_quantile": 0.6136230140491552,
    "exp_rand_tree_size": true
}