{
    "loss": "huber",
    "epsilon": 0.026349008408471125,
    "penalty": "elasticnet",
    "l1_ratio": 0.5360049837076498,
    "alpha": 0.000539521309200584,
    "tol": 0.00010105392343006167,
    "n_iter_no_change": 93
}