{
    "patience": 77,
    "lr": 0.0399839254229091,
    "lr_wdecay": 0.05941306873211044,
    "hidden_dim": 128,
    "dropout": 0.1342608256958095,
    "n_layers": 2
}