{
    "patience": 92,
    "lr": 0.005563701782680349,
    "lr_wdecay": 0.009901529539182129,
    "hidden_dim": 265,
    "dropout": 0.5721455667963165,
    "n_layers": 3
}