{
    "loss": "huber",
    "epsilon": 0.09266457567132376,
    "penalty": "l2",
    "alpha": 0.07987447995078992,
    "tol": 3.6435599077497585e-06,
    "n_iter_no_change": 18
}