{
    "init_lr": 0.03359291052675413,
    "stop_lr": 0.0031405510100139004,
    "lr_factor": 0.95,
    "start_subsample": 0.3474858590947786,
    "stop_subsample": 0.46673733938798156,
    "timespan_subsample": 3,
    "timespan_offset_subsample": 2,
    "start_weight": 1,
    "stop_weight": 1,
    "timespan_weight": 3,
    "timespan_offset_weight": 2,
    "colsample": 0.7270061498149425,
    "max_depth": 8,
    "early_stopping_rounds": 67,
    "lambda": 0.0005472465019556998,
    "alpha": 0.14511448937964214
}