{
    "init_lr": 0.1405044772030951,
    "stop_lr": 0.12414387495426837,
    "lr_factor": 0.95,
    "start_subsample": 0.6927747924157027,
    "stop_subsample": 0.8489003253688497,
    "timespan_subsample": 2,
    "timespan_offset_subsample": 2,
    "start_weight": 2,
    "stop_weight": 5,
    "timespan_weight": 3,
    "timespan_offset_weight": 1,
    "colsample": 0.8817501213257992,
    "max_depth": 2,
    "early_stopping_rounds": 59,
    "lambda": 2.5816354715991774e-07,
    "alpha": 2.54926449228405e-06
}