{
    "loss": "huber",
    "epsilon": 0.1404777775069538,
    "penalty": "l2",
    "alpha": 2.661612467828384,
    "tol": 0.011984914501295685,
    "n_iter_no_change": 68
}