{
    "init_lr": 0.15566251699542827,
    "stop_lr": 0.053034959034168626,
    "lr_factor": 1,
    "start_subsample": 0.804451442278813,
    "stop_subsample": 0.9098468527128188,
    "timespan_subsample": 3,
    "timespan_offset_subsample": 1,
    "start_weight": 3,
    "stop_weight": 1,
    "timespan_weight": 1,
    "timespan_offset_weight": 2,
    "colsample": 0.5606642284896663,
    "max_depth": 3,
    "early_stopping_rounds": 100,
    "lambda": 0.0001190201887439793,
    "alpha": 0.055689470509145286
}