{
    "loss": "log_loss",
    "penalty": "elasticnet",
    "l1_ratio": 0.40241121870836316,
    "alpha": 0.02450296962022921,
    "tol": 2.025748762270824e-06,
    "n_iter_no_change": 11
}