{
    "init_lr": 0.07257053253497477,
    "stop_lr": 0.0203703694015841,
    "lr_factor": 1,
    "start_subsample": 0.4794465298388504,
    "stop_subsample": 0.9672038888011202,
    "timespan_subsample": 3,
    "timespan_offset_subsample": 2,
    "start_weight": 5,
    "stop_weight": 1,
    "timespan_weight": 3,
    "timespan_offset_weight": 2,
    "colsample": 0.8254925780408645,
    "max_depth": 1,
    "early_stopping_rounds": 50,
    "lambda": 7.966405847598682e-05,
    "alpha": 0.014592780358558122
}