{
    "patience": 19,
    "lr": 0.005643426623814031,
    "lr_wdecay": 0.003229462816077732,
    "hidden_dim": 32,
    "dropout": 0.25808807205131473,
    "n_layers": 4
}