{
    "patience": 93,
    "lr": 0.0018048423599591648,
    "lr_wdecay": 0.0026296014246424966,
    "hidden_dim": 265,
    "dropout": 0.47666928017370963,
    "n_layers": 4
}