{
    "patience": 17,
    "lr": 0.0011751176606726447,
    "lr_wdecay": 0.0008384137083476383,
    "hidden_dim": 128,
    "dropout": 0.01979350962747306,
    "n_layers": 2
}