{
    "patience": 64,
    "lr": 0.0018134354829322562,
    "lr_wdecay": 0.0062384957849952625,
    "hidden_dim": 64,
    "dropout": 0.765675299877095,
    "n_layers": 4
}