{
    "init_lr": 0.0031917671973746287,
    "stop_lr": 0.002443866388418911,
    "lr_factor": 1,
    "start_subsample": 0.34951847294527566,
    "stop_subsample": 0.5736753135060635,
    "timespan_subsample": 1,
    "timespan_offset_subsample": 2,
    "start_weight": 9,
    "stop_weight": 3,
    "timespan_weight": 2,
    "timespan_offset_weight": 2,
    "colsample": 0.979008870762383,
    "max_depth": 13,
    "early_stopping_rounds": 60,
    "lambda": 0.03431147643896826,
    "alpha": 2.5557495605225065e-05
}