{
    "patience": 10,
    "lr": 0.002305223475464394,
    "lr_wdecay": 0.07424942313793148,
    "hidden_dim": 128,
    "dropout": 0.8911789205048887,
    "n_layers": 2
}