{
    "patience": 38,
    "lr": 0.0028976571780537485,
    "lr_wdecay": 0.06598946190531879,
    "hidden_dim": 32,
    "dropout": 0.5368670879654058,
    "n_layers": 2
}