{
    "init_lr": 0.001372947394661558,
    "stop_lr": 0.001039862897777821,
    "lr_factor": 1,
    "start_subsample": 0.9170678005393179,
    "stop_subsample": 0.9469249168100339,
    "timespan_subsample": 3,
    "timespan_offset_subsample": 3,
    "start_weight": 10,
    "stop_weight": 1,
    "timespan_weight": 3,
    "timespan_offset_weight": 2,
    "colsample": 0.466364750076979,
    "max_depth": 12,
    "early_stopping_rounds": 95,
    "lambda": 0.000639601021347285,
    "alpha": 0.09734368171751703
}