{
    "tree_size": 14,
    "memory_par": 0.036487059763885187,
    "lin_trim_quantile": 0.44062247812984656,
    "exp_rand_tree_size": false
}