{
    "init_lr": 0.20261581490412545,
    "stop_lr": 0.09201240690846928,
    "lr_factor": 1,
    "start_subsample": 0.3748097527716223,
    "stop_subsample": 0.6246870658128276,
    "timespan_subsample": 2,
    "timespan_offset_subsample": 2,
    "start_weight": 10,
    "stop_weight": 1,
    "timespan_weight": 1,
    "timespan_offset_weight": 3,
    "colsample": 0.6144466963732982,
    "max_depth": 3,
    "early_stopping_rounds": 82,
    "lambda": 0.0008887555269003569,
    "alpha": 0.07746622968726861
}