{
    "loss": "huber",
    "epsilon": 0.030482222395029592,
    "penalty": "l2",
    "alpha": 0.0001237823483663041,
    "tol": 9.247559369887085e-05,
    "n_iter_no_change": 6
}