{
    "init_lr": 0.028387615397237637,
    "stop_lr": 0.0021240937442819794,
    "lr_factor": 0.95,
    "start_subsample": 0.6263178844923363,
    "stop_subsample": 0.7270812485592032,
    "timespan_subsample": 2,
    "timespan_offset_subsample": 3,
    "start_weight": 2,
    "stop_weight": 3,
    "timespan_weight": 2,
    "timespan_offset_weight": 2,
    "colsample": 0.46722333509337977,
    "max_depth": 2,
    "early_stopping_rounds": 80,
    "lambda": 0.007493873054318105,
    "alpha": 5.235635438554772e-07
}