{
    "loss": "epsilon_insensitive",
    "epsilon": 0.02467068931570856,
    "penalty": "l2",
    "alpha": 0.5716189918882167,
    "tol": 1.586701718681261e-06,
    "n_iter_no_change": 64
}