{
    "init_lr": 0.2895327227757029,
    "stop_lr": 0.05615572903108837,
    "lr_factor": 0.95,
    "start_subsample": 0.9995455651740855,
    "stop_subsample": 0.9996543417890817,
    "timespan_subsample": 2,
    "timespan_offset_subsample": 1,
    "start_weight": 1,
    "stop_weight": 5,
    "timespan_weight": 2,
    "timespan_offset_weight": 2,
    "colsample": 0.5337747061943057,
    "max_depth": 7,
    "early_stopping_rounds": 53,
    "lambda": 1.929188538498814e-06,
    "alpha": 0.006389953441693458
}