{
    "loss": "modified_huber",
    "penalty": "elasticnet",
    "l1_ratio": 0.3637175309682047,
    "alpha": 0.11864170706300084,
    "tol": 0.002335096001166812,
    "n_iter_no_change": 99
}