{
    "init_lr": 0.20707973688545628,
    "stop_lr": 0.0822034363513878,
    "lr_factor": 1,
    "start_subsample": 0.5111850853837338,
    "stop_subsample": 0.871173905204457,
    "timespan_subsample": 3,
    "timespan_offset_subsample": 2,
    "start_weight": 4,
    "stop_weight": 1,
    "timespan_weight": 3,
    "timespan_offset_weight": 1,
    "colsample": 0.4754339198959691,
    "max_depth": 12,
    "early_stopping_rounds": 48,
    "lambda": 0.000594352378186827,
    "alpha": 0.36904970671010556
}