{
    "loss": "hinge",
    "penalty": "elasticnet",
    "l1_ratio": 0.12496826064755469,
    "alpha": 2.0955481844952135e-06,
    "tol": 8.438450910199019e-06,
    "n_iter_no_change": 80
}