{
    "patience": 63,
    "lr": 0.002893808779598348,
    "lr_wdecay": 0.016197378597597865,
    "hidden_dim": 128,
    "dropout": 0.5957687236925466,
    "n_layers": 4
}