{
    "patience": 84,
    "lr": 0.09931731120589783,
    "lr_wdecay": 0.005561593180002308,
    "hidden_dim": 265,
    "dropout": 0.38012650031504974,
    "n_layers": 2
}