{
    "tree_size": 71,
    "memory_par": 0.0013163302623369622,
    "lin_trim_quantile": 0.16769739283163593,
    "exp_rand_tree_size": true
}