{
    "loss": "hinge",
    "penalty": "elasticnet",
    "l1_ratio": 0.6360445557553129,
    "alpha": 1.7511364737478703e-06,
    "tol": 3.0012249069146267e-06,
    "n_iter_no_change": 80
}