{
    "init_lr": 0.2858876643848539,
    "stop_lr": 0.09515528579573032,
    "lr_factor": 0.99,
    "start_subsample": 0.7399453303582629,
    "stop_subsample": 0.8770532760402001,
    "timespan_subsample": 1,
    "timespan_offset_subsample": 3,
    "start_weight": 1,
    "stop_weight": 1,
    "timespan_weight": 3,
    "timespan_offset_weight": 2,
    "colsample": 0.2999667315959652,
    "max_depth": 12,
    "early_stopping_rounds": 80,
    "lambda": 0.009605077211741515,
    "alpha": 8.47717382396372e-05
}