{
    "patience": 64,
    "lr": 0.0050342116839892145,
    "lr_wdecay": 0.027854697414717647,
    "hidden_dim": 64,
    "dropout": 0.637841157817964,
    "n_layers": 3
}