{
    "patience": 90,
    "lr": 0.01882891792088291,
    "lr_wdecay": 0.028100719831599823,
    "hidden_dim": 32,
    "dropout": 0.5563811595503572,
    "n_layers": 2
}