{
    "patience": 53,
    "lr": 0.008724762652538269,
    "lr_wdecay": 0.007011846127539069,
    "hidden_dim": 64,
    "dropout": 0.7703534979407497,
    "n_layers": 4
}