{
    "patience": 94,
    "lr": 0.0023745741281627508,
    "lr_wdecay": 0.0054539550562849315,
    "hidden_dim": 265,
    "dropout": 0.053812408998543323,
    "n_layers": 3
}