{
    "init_lr": 0.0787341985583459,
    "stop_lr": 0.0135669596956779,
    "lr_factor": 1,
    "start_subsample": 0.7370418615847596,
    "stop_subsample": 0.790260798182446,
    "timespan_subsample": 2,
    "timespan_offset_subsample": 2,
    "start_weight": 9,
    "stop_weight": 1,
    "timespan_weight": 1,
    "timespan_offset_weight": 1,
    "colsample": 0.1935334543635563,
    "max_depth": 7,
    "early_stopping_rounds": 95,
    "lambda": 2.216222312088707e-08,
    "alpha": 0.041679272916444465
}