{
    "tree_size": 9,
    "memory_par": 0.0027299556197062902,
    "lin_trim_quantile": 0.8401623887509008,
    "exp_rand_tree_size": false
}