{
    "init_lr": 0.04979455768296892,
    "stop_lr": 0.017348118260183173,
    "lr_factor": 1,
    "start_subsample": 0.522818989574258,
    "stop_subsample": 0.6525444377783219,
    "timespan_subsample": 2,
    "timespan_offset_subsample": 2,
    "start_weight": 7,
    "stop_weight": 3,
    "timespan_weight": 1,
    "timespan_offset_weight": 2,
    "colsample": 0.4542253670542617,
    "max_depth": 8,
    "early_stopping_rounds": 59,
    "lambda": 0.0028125832291807816,
    "alpha": 2.032892820169877e-06
}