{
    "tree_size": 61,
    "memory_par": 0.004130002794742975,
    "lin_trim_quantile": 0.862060540326024,
    "exp_rand_tree_size": true
}