{
    "init_lr": 0.5718198389310006,
    "stop_lr": 0.3512315419616528,
    "lr_factor": 0.99,
    "start_subsample": 0.701281294110624,
    "stop_subsample": 0.8017777829712363,
    "timespan_subsample": 1,
    "timespan_offset_subsample": 2,
    "start_weight": 2,
    "stop_weight": 2,
    "timespan_weight": 1,
    "timespan_offset_weight": 1,
    "colsample": 0.8035550231457822,
    "max_depth": 2,
    "early_stopping_rounds": 65,
    "lambda": 0.13543787738330143,
    "alpha": 1.2915410590882983e-07
}