{
    "init_lr": 0.013530020419671551,
    "stop_lr": 0.008227429125389984,
    "lr_factor": 0.99,
    "start_subsample": 0.7221408229792807,
    "stop_subsample": 0.9829400063210522,
    "timespan_subsample": 1,
    "timespan_offset_subsample": 3,
    "start_weight": 4,
    "stop_weight": 1,
    "timespan_weight": 2,
    "timespan_offset_weight": 2,
    "colsample": 0.4668624119207656,
    "max_depth": 14,
    "early_stopping_rounds": 81,
    "lambda": 0.007533674534773232,
    "alpha": 0.2662687883456977
}