{
    "patience": 31,
    "lr": 0.0010379698213276408,
    "lr_wdecay": 0.009323352924511395,
    "hidden_dim": 128,
    "dropout": 0.6779689280713046,
    "n_layers": 2
}