{
    "patience": 41,
    "lr": 0.005683215609108434,
    "lr_wdecay": 0.02671868836461816,
    "hidden_dim": 128,
    "dropout": 0.5355238702221459,
    "n_layers": 2
}