{
    "init_lr": 0.10923934349194345,
    "stop_lr": 0.06564539045310734,
    "lr_factor": 0.95,
    "start_subsample": 0.7984056035382585,
    "stop_subsample": 0.8346462804630713,
    "timespan_subsample": 3,
    "timespan_offset_subsample": 3,
    "start_weight": 5,
    "stop_weight": 1,
    "timespan_weight": 3,
    "timespan_offset_weight": 1,
    "colsample": 0.6235126591524685,
    "max_depth": 6,
    "early_stopping_rounds": 54,
    "lambda": 1.8988518758923985e-07,
    "alpha": 0.4153095076448464
}