{
    "loss": "huber",
    "epsilon": 0.06251393668043895,
    "penalty": "l2",
    "alpha": 0.01672231600769531,
    "tol": 1.3552980303614368e-06,
    "n_iter_no_change": 95
}