{
    "loss": "huber",
    "epsilon": 1.7821529392055293,
    "penalty": "l2",
    "alpha": 0.25733509624098133,
    "tol": 0.021336409889131918,
    "n_iter_no_change": 47
}