{
    "patience": 52,
    "lr": 0.03174236589859994,
    "lr_wdecay": 0.00011325175533708626,
    "hidden_dim": 128,
    "dropout": 0.19526552953317955,
    "n_layers": 3
}