{
    "patience": 2,
    "lr": 0.009910596768786027,
    "lr_wdecay": 0.010245524385103923,
    "hidden_dim": 64,
    "dropout": 0.30701992288443497,
    "n_layers": 3
}