{
    "loss": "epsilon_insensitive",
    "epsilon": 0.06027233163483535,
    "penalty": "l1",
    "alpha": 0.0004246790098207061,
    "tol": 0.0014391972572593821,
    "n_iter_no_change": 82
}