{
    "init_lr": 0.5727914184238768,
    "stop_lr": 0.3878534392355516,
    "lr_factor": 1,
    "start_subsample": 0.5787923272095059,
    "stop_subsample": 0.999156811594947,
    "timespan_subsample": 1,
    "timespan_offset_subsample": 3,
    "start_weight": 3,
    "stop_weight": 1,
    "timespan_weight": 3,
    "timespan_offset_weight": 2,
    "colsample": 0.8774411895798181,
    "max_depth": 9,
    "early_stopping_rounds": 36,
    "lambda": 0.011833103334391295,
    "alpha": 1.7033564332619716e-08
}