{
    "patience": 41,
    "lr": 46.81674999775611,
    "lr_wdecay": 0.008001305076811517,
    "hidden_dim": 64,
    "dropout": 0.09785829007916982,
    "n_layers": 2
}