{
    "loss": "huber",
    "epsilon": 0.3087478685842974,
    "penalty": "elasticnet",
    "l1_ratio": 0.9903468402238433,
    "alpha": 0.0007496449500417081,
    "tol": 0.0007367091056218124,
    "n_iter_no_change": 19
}