{
    "tree_size": 33,
    "memory_par": 0.00880178065420999,
    "lin_trim_quantile": 0.022762974341878447,
    "exp_rand_tree_size": true
}