{
    "patience": 82,
    "lr": 0.02656719536176516,
    "lr_wdecay": 0.037628735046737916,
    "hidden_dim": 64,
    "dropout": 0.815271264156535,
    "n_layers": 3
}