{
    "patience": 67,
    "lr": 0.024635064447350623,
    "lr_wdecay": 0.01742969110634556,
    "hidden_dim": 32,
    "dropout": 0.7026930236857054,
    "n_layers": 2
}