{
    "loss": "modified_huber",
    "penalty": "elasticnet",
    "l1_ratio": 0.21176562341666472,
    "alpha": 1.2514506265979132e-05,
    "tol": 0.0002330267475024816,
    "n_iter_no_change": 89
}