{
    "patience": 99,
    "lr": 0.004096860684941218,
    "lr_wdecay": 0.0018718802241675459,
    "hidden_dim": 128,
    "dropout": 0.6853950258939073,
    "n_layers": 3
}