{
    "patience": 37,
    "lr": 0.0050386999086514655,
    "lr_wdecay": 0.0021474244117616723,
    "hidden_dim": 64,
    "dropout": 0.6446460739967999,
    "n_layers": 3
}