{
    "patience": 100,
    "lr": 0.0028337879847594076,
    "lr_wdecay": 0.01419041861072694,
    "hidden_dim": 265,
    "dropout": 0.36759574238417647,
    "n_layers": 4
}