{
    "patience": 12,
    "lr": 0.0372770767516525,
    "lr_wdecay": 0.017779360885030734,
    "hidden_dim": 32,
    "dropout": 0.25349550732544485,
    "n_layers": 4
}