{
    "tree_size": 83,
    "memory_par": 0.003284694389730697,
    "lin_trim_quantile": 0.544854685881271,
    "exp_rand_tree_size": true
}