{
    "patience": 78,
    "lr": 0.034684788437981,
    "lr_wdecay": 0.01377215829719839,
    "hidden_dim": 64,
    "dropout": 0.44104781742525934,
    "n_layers": 2
}