{
    "patience": 81,
    "lr": 0.036527042003321554,
    "lr_wdecay": 0.014903021624997872,
    "hidden_dim": 64,
    "dropout": 0.2889605713038494,
    "n_layers": 3
}