{
    "loss": "huber",
    "epsilon": 0.049417286954536975,
    "penalty": "l2",
    "alpha": 2.107728881065171,
    "tol": 0.00635736353364723,
    "n_iter_no_change": 38
}