{
    "init_lr": 0.0013989741655083092,
    "stop_lr": 0.001168095816657097,
    "lr_factor": 0.95,
    "start_subsample": 0.7805896613747292,
    "stop_subsample": 0.8183964452265198,
    "timespan_subsample": 1,
    "timespan_offset_subsample": 3,
    "start_weight": 10,
    "stop_weight": 1,
    "timespan_weight": 1,
    "timespan_offset_weight": 3,
    "colsample": 0.6175257513185181,
    "max_depth": 8,
    "early_stopping_rounds": 48,
    "lambda": 0.3997223491807323,
    "alpha": 0.004042927615753762
}