{
    "init_lr": 0.032524481443429246,
    "stop_lr": 0.013435942307464834,
    "lr_factor": 1,
    "start_subsample": 0.6388074368108465,
    "stop_subsample": 0.725071116314078,
    "timespan_subsample": 2,
    "timespan_offset_subsample": 2,
    "start_weight": 2,
    "stop_weight": 1,
    "timespan_weight": 3,
    "timespan_offset_weight": 2,
    "colsample": 0.46608839815443903,
    "max_depth": 2,
    "early_stopping_rounds": 83,
    "lambda": 2.7072248863227435e-08,
    "alpha": 0.0001110171970309332
}