{
    "loss": "modified_huber",
    "penalty": "elasticnet",
    "l1_ratio": 0.48627738549477323,
    "alpha": 0.00029132505475299396,
    "tol": 3.1971423170728223e-06,
    "n_iter_no_change": 65
}