{
    "init_lr": 0.2799257242514823,
    "stop_lr": 0.16746967096213533,
    "lr_factor": 0.99,
    "start_subsample": 0.9280331741178844,
    "stop_subsample": 0.9790813438194338,
    "timespan_subsample": 2,
    "timespan_offset_subsample": 2,
    "start_weight": 1,
    "stop_weight": 10,
    "timespan_weight": 2,
    "timespan_offset_weight": 2,
    "colsample": 0.7636576774721131,
    "max_depth": 12,
    "early_stopping_rounds": 90,
    "lambda": 1.1117400519169163e-05,
    "alpha": 6.911198528595887e-08
}