{
    "loss": "squared_hinge",
    "penalty": "elasticnet",
    "l1_ratio": 0.32114340038570394,
    "alpha": 8.411662046219346e-06,
    "tol": 0.07565910817260248,
    "n_iter_no_change": 9
}