{
    "tree_size": 16,
    "memory_par": 0.08167757853971881,
    "lin_trim_quantile": 0.5713118378552914,
    "exp_rand_tree_size": true
}