{
    "patience": 42,
    "lr": 0.006741572104114924,
    "lr_wdecay": 0.0007041325691354364,
    "hidden_dim": 265,
    "dropout": 0.5706010450444873,
    "n_layers": 2
}