{
    "patience": 63,
    "lr": 0.0057620138683249665,
    "lr_wdecay": 3.840716800542377e-05,
    "hidden_dim": 265,
    "dropout": 0.516037792584146,
    "n_layers": 2
}