{
    "init_lr": 0.09527549386431845,
    "stop_lr": 0.04809433700211895,
    "lr_factor": 0.99,
    "start_subsample": 0.9463858891137921,
    "stop_subsample": 0.9916392674425447,
    "timespan_subsample": 1,
    "timespan_offset_subsample": 1,
    "start_weight": 1,
    "stop_weight": 8,
    "timespan_weight": 1,
    "timespan_offset_weight": 1,
    "colsample": 0.5147444874913589,
    "max_depth": 11,
    "early_stopping_rounds": 45,
    "lambda": 2.473672625099883e-07,
    "alpha": 4.815503030822234e-07
}