{
    "patience": 81,
    "lr": 9.085559485010343,
    "lr_wdecay": 1.218256829475621e-05,
    "hidden_dim": 265,
    "dropout": 0.42804374112278987,
    "n_layers": 2
}