{
    "patience": 9,
    "lr": 0.0014172811584854366,
    "lr_wdecay": 0.00025193448409491703,
    "hidden_dim": 64,
    "dropout": 0.6812409197361894,
    "n_layers": 2
}