{
    "patience": 88,
    "lr": 0.003479943694647285,
    "lr_wdecay": 0.011501176723041613,
    "hidden_dim": 64,
    "dropout": 0.14581190237227756,
    "n_layers": 2
}