{
    "patience": 21,
    "lr": 0.007887051376887383,
    "lr_wdecay": 0.027596800074044203,
    "hidden_dim": 128,
    "dropout": 0.7508500807343602,
    "n_layers": 3
}