{
    "init_lr": 0.630366613323674,
    "stop_lr": 0.48938004957105297,
    "lr_factor": 1,
    "start_subsample": 0.6614819644071418,
    "stop_subsample": 0.8760051681139295,
    "timespan_subsample": 2,
    "timespan_offset_subsample": 2,
    "start_weight": 2,
    "stop_weight": 5,
    "timespan_weight": 1,
    "timespan_offset_weight": 2,
    "colsample": 0.4937419257274113,
    "max_depth": 3,
    "early_stopping_rounds": 39,
    "lambda": 0.919854824227093,
    "alpha": 1.0778228883738762e-05
}