{
    "loss": "huber",
    "epsilon": 0.03505299407366769,
    "penalty": "l1",
    "alpha": 0.00045335113560678156,
    "tol": 0.0001851096510931778,
    "n_iter_no_change": 9
}