{
    "init_lr": 0.18646160134909434,
    "stop_lr": 0.09977688946469546,
    "lr_factor": 1,
    "start_subsample": 0.8170478627649841,
    "stop_subsample": 0.8820223524672561,
    "timespan_subsample": 2,
    "timespan_offset_subsample": 2,
    "start_weight": 2,
    "stop_weight": 1,
    "timespan_weight": 2,
    "timespan_offset_weight": 1,
    "colsample": 0.5549612032380435,
    "max_depth": 1,
    "early_stopping_rounds": 30,
    "lambda": 0.035190075099342945,
    "alpha": 9.693703408845371e-05
}