{
    "init_lr": 0.0937711523822487,
    "stop_lr": 0.020178950144480408,
    "lr_factor": 0.99,
    "start_subsample": 0.395926529978425,
    "stop_subsample": 0.7824288446698068,
    "timespan_subsample": 2,
    "timespan_offset_subsample": 2,
    "start_weight": 6,
    "stop_weight": 1,
    "timespan_weight": 2,
    "timespan_offset_weight": 3,
    "colsample": 0.4576127030932054,
    "max_depth": 4,
    "early_stopping_rounds": 99,
    "lambda": 5.769277978559312e-07,
    "alpha": 0.009870918191604551
}