{
    "patience": 63,
    "lr": 0.0022156134661827486,
    "lr_wdecay": 0.07771962242940127,
    "hidden_dim": 64,
    "dropout": 0.6985224249954982,
    "n_layers": 2
}