{
    "patience": 67,
    "lr": 0.0017563788358027016,
    "lr_wdecay": 0.04902490565075245,
    "hidden_dim": 32,
    "dropout": 0.550831746240754,
    "n_layers": 2
}