{
    "tree_size": 77,
    "memory_par": 0.01662629364516092,
    "lin_trim_quantile": 0.11713324281269388,
    "exp_rand_tree_size": true
}