{
    "init_lr": 0.15417876738204092,
    "stop_lr": 0.02558868814760664,
    "lr_factor": 1,
    "start_subsample": 0.6940349403551112,
    "stop_subsample": 0.7541826159513224,
    "timespan_subsample": 3,
    "timespan_offset_subsample": 2,
    "start_weight": 3,
    "stop_weight": 1,
    "timespan_weight": 2,
    "timespan_offset_weight": 2,
    "colsample": 0.30863059907346485,
    "max_depth": 2,
    "early_stopping_rounds": 42,
    "lambda": 0.04186423319074268,
    "alpha": 9.018461668960252e-08
}