{
    "init_lr": 0.534486484828941,
    "stop_lr": 0.30932508204688997,
    "lr_factor": 0.95,
    "start_subsample": 0.5315037999186947,
    "stop_subsample": 0.7485354365148472,
    "timespan_subsample": 1,
    "timespan_offset_subsample": 3,
    "start_weight": 1,
    "stop_weight": 3,
    "timespan_weight": 3,
    "timespan_offset_weight": 2,
    "colsample": 0.714225618151929,
    "max_depth": 1,
    "early_stopping_rounds": 77,
    "lambda": 7.62508623904922e-05,
    "alpha": 0.005097622910438013
}