{
    "init_lr": 0.8658635747308856,
    "stop_lr": 0.7363758653081135,
    "lr_factor": 0.99,
    "start_subsample": 0.3112476540561806,
    "stop_subsample": 0.49332291492999103,
    "timespan_subsample": 3,
    "timespan_offset_subsample": 3,
    "start_weight": 9,
    "stop_weight": 1,
    "timespan_weight": 1,
    "timespan_offset_weight": 3,
    "colsample": 0.13787297349542105,
    "max_depth": 12,
    "early_stopping_rounds": 64,
    "lambda": 8.825741553549298e-08,
    "alpha": 1.3079867694925746e-06
}