{
    "loss": "huber",
    "epsilon": 0.010943767405846789,
    "penalty": "l2",
    "alpha": 9.29398737405394,
    "tol": 0.00015009957455176687,
    "n_iter_no_change": 98
}