{
    "tree_size": 33,
    "memory_par": 0.015040812426241338,
    "lin_trim_quantile": 0.5367963875435077,
    "exp_rand_tree_size": false
}