{
    "init_lr": 0.3688643053590232,
    "stop_lr": 0.30738596712235433,
    "lr_factor": 0.99,
    "start_subsample": 0.8701155444508408,
    "stop_subsample": 0.9118600684773885,
    "timespan_subsample": 3,
    "timespan_offset_subsample": 3,
    "start_weight": 1,
    "stop_weight": 2,
    "timespan_weight": 3,
    "timespan_offset_weight": 3,
    "colsample": 0.781563799289648,
    "max_depth": 9,
    "early_stopping_rounds": 65,
    "lambda": 1.770737891779946e-05,
    "alpha": 1.9378240896494485e-06
}