{
    "tree_size": 83,
    "memory_par": 0.0172885215576223,
    "lin_trim_quantile": 0.021573848806828257,
    "exp_rand_tree_size": true
}