{
    "patience": 36,
    "lr": 0.010814621938480613,
    "lr_wdecay": 0.0029272641074169553,
    "hidden_dim": 265,
    "dropout": 0.762587115019955,
    "n_layers": 2
}