{
    "patience": 94,
    "lr": 0.0013078110925383406,
    "lr_wdecay": 0.00561362461119768,
    "hidden_dim": 265,
    "dropout": 0.6052531586713362,
    "n_layers": 3
}