{
    "tree_size": 24,
    "memory_par": 0.06018964502664983,
    "lin_trim_quantile": 0.882670516122983,
    "exp_rand_tree_size": true
}