{
    "init_lr": 0.5215143233997752,
    "stop_lr": 0.3694256785679581,
    "lr_factor": 0.99,
    "start_subsample": 0.800041355493192,
    "stop_subsample": 0.9466893624670643,
    "timespan_subsample": 2,
    "timespan_offset_subsample": 2,
    "start_weight": 7,
    "stop_weight": 2,
    "timespan_weight": 2,
    "timespan_offset_weight": 2,
    "colsample": 0.8040130901040041,
    "max_depth": 4,
    "early_stopping_rounds": 74,
    "lambda": 0.47443918361022214,
    "alpha": 2.3852311649257897e-06
}