{
    "patience": 33,
    "lr": 0.008428768116549211,
    "lr_wdecay": 0.011460771396283227,
    "hidden_dim": 265,
    "dropout": 0.6991365203734812,
    "n_layers": 4
}