{
    "patience": 2,
    "lr": 3.252686102765064,
    "lr_wdecay": 0.030073773654467936,
    "hidden_dim": 64,
    "dropout": 0.8565470753806723,
    "n_layers": 4
}