{
    "init_lr": 0.0757901779983643,
    "stop_lr": 0.026577597659068704,
    "lr_factor": 0.99,
    "start_subsample": 0.749088051634416,
    "stop_subsample": 0.9044872530429672,
    "timespan_subsample": 1,
    "timespan_offset_subsample": 2,
    "start_weight": 10,
    "stop_weight": 1,
    "timespan_weight": 2,
    "timespan_offset_weight": 1,
    "colsample": 0.613764460180771,
    "max_depth": 12,
    "early_stopping_rounds": 61,
    "lambda": 3.7155777643892793e-06,
    "alpha": 0.003648356513267292
}