{
    "init_lr": 0.010202003026231924,
    "stop_lr": 0.005064167426763446,
    "lr_factor": 1,
    "start_subsample": 0.9305878960056645,
    "stop_subsample": 0.9599092589787613,
    "timespan_subsample": 2,
    "timespan_offset_subsample": 2,
    "start_weight": 1,
    "stop_weight": 4,
    "timespan_weight": 3,
    "timespan_offset_weight": 3,
    "colsample": 0.462645375045636,
    "max_depth": 12,
    "early_stopping_rounds": 84,
    "lambda": 0.12283164629653111,
    "alpha": 0.5267022146932001
}