{
    "loss": "hinge",
    "penalty": "elasticnet",
    "l1_ratio": 0.05172968319764245,
    "alpha": 3.4225623509209557e-06,
    "tol": 3.1117038934472956e-05,
    "n_iter_no_change": 78
}