{
    "patience": 87,
    "lr": 0.00230342675868159,
    "lr_wdecay": 0.00204786265225661,
    "hidden_dim": 265,
    "dropout": 0.464933362872684,
    "n_layers": 3
}