{
    "patience": 100,
    "lr": 0.009387014553799828,
    "lr_wdecay": 0.002834695497286928,
    "hidden_dim": 265,
    "dropout": 0.8024949455186469,
    "n_layers": 3
}