{
    "loss": "huber",
    "epsilon": 0.010794173754161371,
    "penalty": "l2",
    "alpha": 0.013895500513014813,
    "tol": 1.1760692813088688e-06,
    "n_iter_no_change": 62
}