{
    "loss": "huber",
    "epsilon": 0.03938243736282415,
    "penalty": "l2",
    "alpha": 0.0047792550335267565,
    "tol": 1.0497303853002034e-05,
    "n_iter_no_change": 75
}