{
    "patience": 95,
    "lr": 0.014540536954673096,
    "lr_wdecay": 0.01989006796287761,
    "hidden_dim": 265,
    "dropout": 0.7215880673083237,
    "n_layers": 3
}