{
    "loss": "squared_hinge",
    "penalty": "elasticnet",
    "l1_ratio": 0.8701434946527535,
    "alpha": 2.0472618091671046e-05,
    "tol": 0.0010568480324027905,
    "n_iter_no_change": 90
}