{
    "init_lr": 0.8804821053912308,
    "stop_lr": 0.4298142543896483,
    "lr_factor": 0.99,
    "start_subsample": 0.9324240857126092,
    "stop_subsample": 0.9586442125505096,
    "timespan_subsample": 3,
    "timespan_offset_subsample": 1,
    "start_weight": 7,
    "stop_weight": 1,
    "timespan_weight": 3,
    "timespan_offset_weight": 1,
    "colsample": 0.27658715773722853,
    "max_depth": 8,
    "early_stopping_rounds": 38,
    "lambda": 2.3444968705514795e-07,
    "alpha": 0.19466015433690878
}