{
    "init_lr": 0.03044465582830394,
    "stop_lr": 0.01847779856609222,
    "lr_factor": 0.95,
    "start_subsample": 0.28923329654421875,
    "stop_subsample": 0.3278352640421244,
    "timespan_subsample": 2,
    "timespan_offset_subsample": 3,
    "start_weight": 7,
    "stop_weight": 1,
    "timespan_weight": 3,
    "timespan_offset_weight": 2,
    "colsample": 0.4581756439090875,
    "max_depth": 15,
    "early_stopping_rounds": 79,
    "lambda": 1.1209405056258958e-07,
    "alpha": 0.001392182133569577
}