{
    "patience": 41,
    "lr": 0.00930285294336257,
    "lr_wdecay": 0.022378438643808576,
    "hidden_dim": 265,
    "dropout": 0.8995483848218561,
    "n_layers": 3
}