{
    "patience": 30,
    "lr": 0.018269582682919134,
    "lr_wdecay": 0.025273482139049758,
    "hidden_dim": 32,
    "dropout": 0.4062367317181071,
    "n_layers": 3
}