{
    "init_lr": 0.11970453532795819,
    "stop_lr": 0.04777423316251869,
    "lr_factor": 0.95,
    "start_subsample": 0.5683185051061707,
    "stop_subsample": 0.8895904202055298,
    "timespan_subsample": 2,
    "timespan_offset_subsample": 1,
    "start_weight": 10,
    "stop_weight": 1,
    "timespan_weight": 3,
    "timespan_offset_weight": 3,
    "colsample": 0.46335597566643194,
    "max_depth": 3,
    "early_stopping_rounds": 85,
    "lambda": 8.831374343907594e-07,
    "alpha": 0.5952145828637058
}