{
    "patience": 76,
    "lr": 0.003959800475053416,
    "lr_wdecay": 0.009319103640461504,
    "hidden_dim": 128,
    "dropout": 0.3591612433764919,
    "n_layers": 2
}