{
    "patience": 59,
    "lr": 0.05257375888204026,
    "lr_wdecay": 0.005903138828534337,
    "hidden_dim": 265,
    "dropout": 0.19332398587456276,
    "n_layers": 2
}