{
    "init_lr": 0.04407624430598267,
    "stop_lr": 0.017283189644302154,
    "lr_factor": 0.95,
    "start_subsample": 0.7393236938866767,
    "stop_subsample": 0.8881994228908237,
    "timespan_subsample": 2,
    "timespan_offset_subsample": 3,
    "start_weight": 6,
    "stop_weight": 4,
    "timespan_weight": 2,
    "timespan_offset_weight": 1,
    "colsample": 0.44103670967412945,
    "max_depth": 12,
    "early_stopping_rounds": 81,
    "lambda": 0.004563836552442804,
    "alpha": 1.2049670898253535e-08
}