{
    "init_lr": 0.1710267602463645,
    "stop_lr": 0.045712564107786444,
    "lr_factor": 1,
    "start_subsample": 0.31404038327055894,
    "stop_subsample": 0.44668567168829965,
    "timespan_subsample": 2,
    "timespan_offset_subsample": 2,
    "start_weight": 1,
    "stop_weight": 6,
    "timespan_weight": 1,
    "timespan_offset_weight": 2,
    "colsample": 0.9456873522141996,
    "max_depth": 4,
    "early_stopping_rounds": 63,
    "lambda": 0.0002523882769034977,
    "alpha": 5.853719129075836e-07
}