{
    "init_lr": 0.9994474989113665,
    "stop_lr": 0.8139358913399862,
    "lr_factor": 0.99,
    "start_subsample": 0.5590497575380375,
    "stop_subsample": 0.8161096372794406,
    "timespan_subsample": 2,
    "timespan_offset_subsample": 3,
    "start_weight": 2,
    "stop_weight": 9,
    "timespan_weight": 3,
    "timespan_offset_weight": 3,
    "colsample": 0.570404572782198,
    "max_depth": 12,
    "early_stopping_rounds": 43,
    "lambda": 4.414332233844376e-06,
    "alpha": 9.402979286080738e-06
}