{
    "loss": "huber",
    "epsilon": 0.01334379537868916,
    "penalty": "l1",
    "alpha": 1.928455236313679e-05,
    "tol": 0.000255137915030431,
    "n_iter_no_change": 65
}