{
    "loss": "perceptron",
    "penalty": "elasticnet",
    "l1_ratio": 0.27035305627935485,
    "alpha": 9.402167670367845e-06,
    "tol": 0.001991422352197144,
    "n_iter_no_change": 75
}