{
    "init_lr": 0.20279194732154615,
    "stop_lr": 0.11462044147101498,
    "lr_factor": 1,
    "start_subsample": 0.9445637159141504,
    "stop_subsample": 0.9973500434039416,
    "timespan_subsample": 2,
    "timespan_offset_subsample": 3,
    "start_weight": 1,
    "stop_weight": 1,
    "timespan_weight": 2,
    "timespan_offset_weight": 2,
    "colsample": 0.2136931236973966,
    "max_depth": 12,
    "early_stopping_rounds": 90,
    "lambda": 0.00040557871160132965,
    "alpha": 0.09276878614438276
}