{
    "tree_size": 6,
    "memory_par": 0.019398350850811586,
    "lin_trim_quantile": 0.7856716035737404,
    "exp_rand_tree_size": true
}