{
    "loss": "huber",
    "epsilon": 0.021892695269179918,
    "penalty": "l2",
    "alpha": 0.05468252400992121,
    "tol": 3.802076714649308e-06,
    "n_iter_no_change": 34
}