{
    "init_lr": 0.0578147924764988,
    "stop_lr": 0.021455226534694626,
    "lr_factor": 0.95,
    "start_subsample": 0.9310473702629694,
    "stop_subsample": 0.9693490516858108,
    "timespan_subsample": 3,
    "timespan_offset_subsample": 3,
    "start_weight": 5,
    "stop_weight": 1,
    "timespan_weight": 1,
    "timespan_offset_weight": 3,
    "colsample": 0.38267217453015023,
    "max_depth": 8,
    "early_stopping_rounds": 92,
    "lambda": 0.0764140541460899,
    "alpha": 0.04158974559827872
}