{
    "patience": 34,
    "lr": 0.010222471190629252,
    "lr_wdecay": 0.0051854216431837545,
    "hidden_dim": 265,
    "dropout": 0.34524547652535,
    "n_layers": 2
}