{
    "patience": 10,
    "lr": 0.0021940516857495013,
    "lr_wdecay": 0.011918039275622579,
    "hidden_dim": 128,
    "dropout": 0.3959028203461461,
    "n_layers": 2
}