{
    "patience": 42,
    "lr": 0.02419281055455034,
    "lr_wdecay": 0.005858492545789956,
    "hidden_dim": 32,
    "dropout": 0.674668666357253,
    "n_layers": 3
}