{
    "patience": 91,
    "lr": 0.03246063720376305,
    "lr_wdecay": 0.029431177712708714,
    "hidden_dim": 128,
    "dropout": 0.1423675424655316,
    "n_layers": 2
}