{
    "patience": 99,
    "lr": 0.0028966404854678775,
    "lr_wdecay": 0.0024280013585621365,
    "hidden_dim": 32,
    "dropout": 0.5948282661767925,
    "n_layers": 4
}