{
    "patience": 80,
    "lr": 0.014321337081032129,
    "lr_wdecay": 0.017949030982585622,
    "hidden_dim": 32,
    "dropout": 0.5230008898345512,
    "n_layers": 4
}