{
    "init_lr": 0.06084306980851453,
    "stop_lr": 0.030348435457191562,
    "lr_factor": 1,
    "start_subsample": 0.6643221043283613,
    "stop_subsample": 0.8216034489589862,
    "timespan_subsample": 3,
    "timespan_offset_subsample": 3,
    "start_weight": 6,
    "stop_weight": 7,
    "timespan_weight": 2,
    "timespan_offset_weight": 2,
    "colsample": 0.9737558263652106,
    "max_depth": 2,
    "early_stopping_rounds": 37,
    "lambda": 0.00016060496591644542,
    "alpha": 0.0018330024425727216
}