{
    "tree_size": 94,
    "memory_par": 0.002034554793863722,
    "lin_trim_quantile": 0.9784081977533483,
    "exp_rand_tree_size": true
}