{
    "init_lr": 0.17633384706463115,
    "stop_lr": 0.08060339422331109,
    "lr_factor": 0.95,
    "start_subsample": 0.6853623763448223,
    "stop_subsample": 0.8723295903186367,
    "timespan_subsample": 3,
    "timespan_offset_subsample": 3,
    "start_weight": 4,
    "stop_weight": 1,
    "timespan_weight": 1,
    "timespan_offset_weight": 1,
    "colsample": 0.37759062135380217,
    "max_depth": 8,
    "early_stopping_rounds": 99,
    "lambda": 2.310789371059698e-06,
    "alpha": 0.0020966755090147163
}