{
    "patience": 82,
    "lr": 0.005203231331721419,
    "lr_wdecay": 0.04621766163489396,
    "hidden_dim": 64,
    "dropout": 0.5478368005641057,
    "n_layers": 2
}