{
    "patience": 50,
    "lr": 0.013775087776589545,
    "lr_wdecay": 0.03387017010130553,
    "hidden_dim": 265,
    "dropout": 0.5796158880800925,
    "n_layers": 3
}