{
    "patience": 16,
    "lr": 0.016538009661361167,
    "lr_wdecay": 0.002488710428717617,
    "hidden_dim": 265,
    "dropout": 0.8364575066954982,
    "n_layers": 2
}