{
    "patience": 76,
    "lr": 0.00336113411655101,
    "lr_wdecay": 3.5627841654544985e-05,
    "hidden_dim": 265,
    "dropout": 0.3996696246844654,
    "n_layers": 3
}