{
    "loss": "modified_huber",
    "penalty": "elasticnet",
    "l1_ratio": 0.3338786394918872,
    "alpha": 1.6015107020435464e-05,
    "tol": 0.004703012249925614,
    "n_iter_no_change": 68
}