{
    "init_lr": 0.2930337637629351,
    "stop_lr": 0.16877119695466922,
    "lr_factor": 0.95,
    "start_subsample": 0.7844703968457853,
    "stop_subsample": 0.8896865849170892,
    "timespan_subsample": 1,
    "timespan_offset_subsample": 1,
    "start_weight": 1,
    "stop_weight": 1,
    "timespan_weight": 3,
    "timespan_offset_weight": 3,
    "colsample": 0.45441357977481434,
    "max_depth": 3,
    "early_stopping_rounds": 100,
    "lambda": 0.015442209291401799,
    "alpha": 0.007204223440755774
}