{
    "patience": 15,
    "lr": 0.02046126259506664,
    "lr_wdecay": 0.014446235737963643,
    "hidden_dim": 265,
    "dropout": 0.2196604039018997,
    "n_layers": 2
}