{
    "patience": 44,
    "lr": 0.006196486820638834,
    "lr_wdecay": 0.007475506615445407,
    "hidden_dim": 128,
    "dropout": 0.10614108542099214,
    "n_layers": 2
}