{
    "patience": 47,
    "lr": 0.04198512431655676,
    "lr_wdecay": 0.022849624227375596,
    "hidden_dim": 64,
    "dropout": 0.3931935825129913,
    "n_layers": 3
}