{
    "patience": 41,
    "lr": 0.0013578891260189127,
    "lr_wdecay": 0.004536775652345887,
    "hidden_dim": 32,
    "dropout": 0.7689208829385951,
    "n_layers": 3
}