{
    "patience": 68,
    "lr": 0.005054908501538817,
    "lr_wdecay": 0.0037220485909169776,
    "hidden_dim": 265,
    "dropout": 0.5691385226236071,
    "n_layers": 3
}