{
    "patience": 20,
    "lr": 0.013522631110639689,
    "lr_wdecay": 0.002607055795477008,
    "hidden_dim": 265,
    "dropout": 0.2480468729494788,
    "n_layers": 2
}