{
    "tree_size": 22,
    "memory_par": 0.1392180031501069,
    "lin_trim_quantile": 0.9335848397157466,
    "exp_rand_tree_size": true
}