{
    "patience": 20,
    "lr": 0.002666058975172895,
    "lr_wdecay": 0.011538560785565331,
    "hidden_dim": 265,
    "dropout": 0.897303463005289,
    "n_layers": 3
}