{
    "patience": 47,
    "lr": 0.005609667973838361,
    "lr_wdecay": 0.00521533753659603,
    "hidden_dim": 128,
    "dropout": 0.6519376373077925,
    "n_layers": 3
}