{
    "tree_size": 50,
    "memory_par": 0.08739361484638915,
    "lin_trim_quantile": 0.3344775855529053,
    "exp_rand_tree_size": false
}