{
    "init_lr": 0.8630766249185986,
    "stop_lr": 0.5352263891950372,
    "lr_factor": 0.99,
    "start_subsample": 0.6791276927238991,
    "stop_subsample": 0.6940044106408327,
    "timespan_subsample": 2,
    "timespan_offset_subsample": 1,
    "start_weight": 7,
    "stop_weight": 1,
    "timespan_weight": 3,
    "timespan_offset_weight": 1,
    "colsample": 0.756050636815981,
    "max_depth": 14,
    "early_stopping_rounds": 31,
    "lambda": 0.0003711972919583295,
    "alpha": 0.050282810059868996
}