{
    "init_lr": 0.18081926251325756,
    "stop_lr": 0.13091630510292032,
    "lr_factor": 1,
    "start_subsample": 0.9491385277865593,
    "stop_subsample": 0.9921394842712248,
    "timespan_subsample": 2,
    "timespan_offset_subsample": 1,
    "start_weight": 1,
    "stop_weight": 5,
    "timespan_weight": 3,
    "timespan_offset_weight": 2,
    "colsample": 0.5463080944919485,
    "max_depth": 15,
    "early_stopping_rounds": 15,
    "lambda": 0.09139945384942685,
    "alpha": 0.03703701497447544
}