{
    "init_lr": 0.10494708554133744,
    "stop_lr": 0.03924231740395913,
    "lr_factor": 0.99,
    "start_subsample": 0.5400845722330491,
    "stop_subsample": 0.6943406783283194,
    "timespan_subsample": 2,
    "timespan_offset_subsample": 1,
    "start_weight": 1,
    "stop_weight": 1,
    "timespan_weight": 3,
    "timespan_offset_weight": 2,
    "colsample": 0.8195208269129065,
    "max_depth": 4,
    "early_stopping_rounds": 98,
    "lambda": 1.6369793592814084e-07,
    "alpha": 0.10672356740431711
}