{
    "patience": 18,
    "lr": 0.003341937068412953,
    "lr_wdecay": 0.005299733752555971,
    "hidden_dim": 265,
    "dropout": 0.0686013050263826,
    "n_layers": 4
}