{
    "init_lr": 0.3117436836580384,
    "stop_lr": 0.03388410668097355,
    "lr_factor": 1,
    "start_subsample": 0.5865841282331213,
    "stop_subsample": 0.9423052368161238,
    "timespan_subsample": 2,
    "timespan_offset_subsample": 3,
    "start_weight": 6,
    "stop_weight": 2,
    "timespan_weight": 2,
    "timespan_offset_weight": 3,
    "colsample": 0.7505936607753105,
    "max_depth": 3,
    "early_stopping_rounds": 77,
    "lambda": 3.988317351644399e-07,
    "alpha": 0.005639743350559616
}