{
    "init_lr": 0.1521557196404589,
    "stop_lr": 0.02830634841848572,
    "lr_factor": 0.99,
    "start_subsample": 0.9011128117564033,
    "stop_subsample": 0.9576331004587619,
    "timespan_subsample": 3,
    "timespan_offset_subsample": 2,
    "start_weight": 4,
    "stop_weight": 2,
    "timespan_weight": 3,
    "timespan_offset_weight": 2,
    "colsample": 0.2953481050719478,
    "max_depth": 2,
    "early_stopping_rounds": 68,
    "lambda": 3.1017137571845634e-08,
    "alpha": 0.05484699409745637
}