{
    "tree_size": 22,
    "memory_par": 0.0023870414020644103,
    "lin_trim_quantile": 0.8783032534082822,
    "exp_rand_tree_size": true
}