{
    "loss": "squared_epsilon_insensitive",
    "epsilon": 0.042501512392904874,
    "penalty": "l1",
    "alpha": 5.125299570815708e-06,
    "tol": 0.003729250236441948,
    "n_iter_no_change": 88
}