{
    "tree_size": 30,
    "memory_par": 0.0721629265740142,
    "lin_trim_quantile": 0.05411339229088062,
    "exp_rand_tree_size": true
}