{
    "init_lr": 0.21006577771013563,
    "stop_lr": 0.14701405988672764,
    "lr_factor": 0.99,
    "start_subsample": 0.6171850802352276,
    "stop_subsample": 0.9089019658977584,
    "timespan_subsample": 3,
    "timespan_offset_subsample": 2,
    "start_weight": 9,
    "stop_weight": 1,
    "timespan_weight": 3,
    "timespan_offset_weight": 2,
    "colsample": 0.7694326485702977,
    "max_depth": 6,
    "early_stopping_rounds": 94,
    "lambda": 1.1488773968317122e-08,
    "alpha": 8.362325166666431e-08
}