{
    "loss": "log_loss",
    "penalty": "elasticnet",
    "l1_ratio": 0.12386166810735767,
    "alpha": 0.0005208505169658123,
    "tol": 5.423437971029612e-05,
    "n_iter_no_change": 35
}