{
    "patience": 81,
    "lr": 0.037121275352029505,
    "lr_wdecay": 0.01246391508808583,
    "hidden_dim": 64,
    "dropout": 0.6010242254053454,
    "n_layers": 3
}