{
    "patience": 28,
    "lr": 0.0021004561298550487,
    "lr_wdecay": 0.03608351094881714,
    "hidden_dim": 128,
    "dropout": 0.8571209360690635,
    "n_layers": 2
}