{
    "init_lr": 0.3331184408395085,
    "stop_lr": 0.1427704578637324,
    "lr_factor": 0.95,
    "start_subsample": 0.5523227288114451,
    "stop_subsample": 0.6163840492320878,
    "timespan_subsample": 1,
    "timespan_offset_subsample": 1,
    "start_weight": 10,
    "stop_weight": 1,
    "timespan_weight": 2,
    "timespan_offset_weight": 2,
    "colsample": 0.5145818185421295,
    "max_depth": 13,
    "early_stopping_rounds": 58,
    "lambda": 0.003945378003194065,
    "alpha": 9.102168168480094e-06
}