{
    "patience": 4,
    "lr": 0.0013685311579396113,
    "lr_wdecay": 0.042102811460903014,
    "hidden_dim": 64,
    "dropout": 0.9544116131469182,
    "n_layers": 2
}