{
    "patience": 54,
    "lr": 0.003058411004847883,
    "lr_wdecay": 0.053132764065530975,
    "hidden_dim": 128,
    "dropout": 0.8033683424456706,
    "n_layers": 2
}