{
    "init_lr": 0.15356316352931546,
    "stop_lr": 0.05737258436685623,
    "lr_factor": 1,
    "start_subsample": 0.9838016899380321,
    "stop_subsample": 0.9935808714805455,
    "timespan_subsample": 2,
    "timespan_offset_subsample": 2,
    "start_weight": 1,
    "stop_weight": 6,
    "timespan_weight": 2,
    "timespan_offset_weight": 2,
    "colsample": 0.3524193969480088,
    "max_depth": 9,
    "early_stopping_rounds": 68,
    "lambda": 5.0342010334780185e-05,
    "alpha": 2.1029797967554514e-07
}