{
    "patience": 92,
    "lr": 0.2673020257939255,
    "lr_wdecay": 0.006186642366987381,
    "hidden_dim": 32,
    "dropout": 0.2613260116171327,
    "n_layers": 3
}