{
    "patience": 86,
    "lr": 1.3181598694016357,
    "lr_wdecay": 0.007667442384295328,
    "hidden_dim": 265,
    "dropout": 0.27297332555443893,
    "n_layers": 2
}