{
    "init_lr": 0.06564152550280533,
    "stop_lr": 0.005676199620632835,
    "lr_factor": 0.99,
    "start_subsample": 0.8321061662090703,
    "stop_subsample": 0.9248258511287907,
    "timespan_subsample": 3,
    "timespan_offset_subsample": 3,
    "start_weight": 1,
    "stop_weight": 3,
    "timespan_weight": 3,
    "timespan_offset_weight": 2,
    "colsample": 0.9554707783698024,
    "max_depth": 3,
    "early_stopping_rounds": 82,
    "lambda": 0.06215795029952002,
    "alpha": 5.287285055909495e-08
}