{
    "patience": 57,
    "lr": 0.006377941724288767,
    "lr_wdecay": 0.0002204066450688475,
    "hidden_dim": 128,
    "dropout": 0.050680325738328584,
    "n_layers": 4
}