{
    "patience": 100,
    "lr": 0.1629267767247289,
    "lr_wdecay": 0.021296691852428357,
    "hidden_dim": 265,
    "dropout": 0.17238702937795333,
    "n_layers": 3
}