{
    "init_lr": 0.4283777000235116,
    "stop_lr": 0.30735285278454993,
    "lr_factor": 1,
    "start_subsample": 0.7016949927000743,
    "stop_subsample": 0.9081320963328905,
    "timespan_subsample": 3,
    "timespan_offset_subsample": 2,
    "start_weight": 1,
    "stop_weight": 6,
    "timespan_weight": 1,
    "timespan_offset_weight": 1,
    "colsample": 0.7409135137959152,
    "max_depth": 1,
    "early_stopping_rounds": 28,
    "lambda": 1.2481167280439471e-06,
    "alpha": 4.908834997847576e-07
}