{
    "patience": 63,
    "lr": 0.031576852585307784,
    "lr_wdecay": 0.00665656719013397,
    "hidden_dim": 265,
    "dropout": 0.6230034686775103,
    "n_layers": 2
}