{
    "patience": 60,
    "lr": 0.011718323869874423,
    "lr_wdecay": 0.007730962965608858,
    "hidden_dim": 32,
    "dropout": 0.14616564822836492,
    "n_layers": 2
}