{
    "patience": 98,
    "lr": 0.011391644993029798,
    "lr_wdecay": 0.007547581276821536,
    "hidden_dim": 64,
    "dropout": 0.644525353965017,
    "n_layers": 4
}