{
    "patience": 25,
    "lr": 0.009129942276942502,
    "lr_wdecay": 0.006502562914715257,
    "hidden_dim": 32,
    "dropout": 0.7597189434449767,
    "n_layers": 3
}