{
    "init_lr": 0.04693490331306596,
    "stop_lr": 0.017798990591995606,
    "lr_factor": 0.99,
    "start_subsample": 0.3557288549271052,
    "stop_subsample": 0.7441449076940372,
    "timespan_subsample": 1,
    "timespan_offset_subsample": 3,
    "start_weight": 8,
    "stop_weight": 1,
    "timespan_weight": 1,
    "timespan_offset_weight": 1,
    "colsample": 0.7508743456110945,
    "max_depth": 8,
    "early_stopping_rounds": 43,
    "lambda": 0.0002262279706161462,
    "alpha": 0.006273608707814842
}