{
    "init_lr": 0.022634589603919973,
    "stop_lr": 0.017038773674849905,
    "lr_factor": 0.99,
    "start_subsample": 0.19634123360391365,
    "stop_subsample": 0.6587744021323506,
    "timespan_subsample": 1,
    "timespan_offset_subsample": 1,
    "start_weight": 1,
    "stop_weight": 2,
    "timespan_weight": 2,
    "timespan_offset_weight": 2,
    "colsample": 0.5317393630196845,
    "max_depth": 10,
    "early_stopping_rounds": 60,
    "lambda": 0.005616212738349099,
    "alpha": 0.0139012271283
}