{
    "tree_size": 22,
    "memory_par": 0.04845734072416284,
    "lin_trim_quantile": 0.11711836847742282,
    "exp_rand_tree_size": false
}