{
    "tree_size": 86,
    "memory_par": 0.003950320588403883,
    "lin_trim_quantile": 0.734091872880279,
    "exp_rand_tree_size": true
}