{
    "patience": 43,
    "lr": 0.0029902314194321104,
    "lr_wdecay": 0.00815841562903288,
    "hidden_dim": 32,
    "dropout": 0.6158406412335963,
    "n_layers": 2
}