{
    "patience": 97,
    "lr": 0.056913548641060234,
    "lr_wdecay": 0.007483291603445265,
    "hidden_dim": 64,
    "dropout": 0.513313428619817,
    "n_layers": 2
}