{
    "init_lr": 0.20536979747298856,
    "stop_lr": 0.010835619850293965,
    "lr_factor": 0.99,
    "start_subsample": 0.9751908969931207,
    "stop_subsample": 0.9894454790768576,
    "timespan_subsample": 3,
    "timespan_offset_subsample": 3,
    "start_weight": 1,
    "stop_weight": 1,
    "timespan_weight": 3,
    "timespan_offset_weight": 1,
    "colsample": 0.9936747326535371,
    "max_depth": 1,
    "early_stopping_rounds": 62,
    "lambda": 2.200153593173473e-05,
    "alpha": 6.331305354315165e-07
}