{
    "loss": "epsilon_insensitive",
    "epsilon": 0.98093426946569,
    "penalty": "l1",
    "alpha": 0.00236176686452884,
    "tol": 1.2965775546010588e-05,
    "n_iter_no_change": 77
}