{
    "init_lr": 0.20446235723182593,
    "stop_lr": 0.05617548306350844,
    "lr_factor": 0.99,
    "start_subsample": 0.7000018819130909,
    "stop_subsample": 0.9939388320391616,
    "timespan_subsample": 1,
    "timespan_offset_subsample": 1,
    "start_weight": 1,
    "stop_weight": 1,
    "timespan_weight": 1,
    "timespan_offset_weight": 1,
    "colsample": 0.456227632533842,
    "max_depth": 12,
    "early_stopping_rounds": 100,
    "lambda": 1.3912637411680186e-08,
    "alpha": 1.203269461421138e-06
}