{
    "loss": "huber",
    "epsilon": 0.017460175546211456,
    "penalty": "l2",
    "alpha": 0.009763438427281532,
    "tol": 0.06799934787508154,
    "n_iter_no_change": 33
}