{
    "loss": "huber",
    "epsilon": 0.5702603362928815,
    "penalty": "l2",
    "alpha": 0.11514713745004782,
    "tol": 0.004835814961464369,
    "n_iter_no_change": 80
}