{
    "patience": 65,
    "lr": 0.026810106081142992,
    "lr_wdecay": 0.012500305832988187,
    "hidden_dim": 32,
    "dropout": 0.5776727332983512,
    "n_layers": 4
}