{
    "patience": 86,
    "lr": 0.012922211344166469,
    "lr_wdecay": 0.01346777781469066,
    "hidden_dim": 265,
    "dropout": 0.31952185882109674,
    "n_layers": 3
}