{
    "init_lr": 0.7379855400456561,
    "stop_lr": 0.6439417439931485,
    "lr_factor": 1,
    "start_subsample": 0.6840965823678183,
    "stop_subsample": 0.8546712795063434,
    "timespan_subsample": 2,
    "timespan_offset_subsample": 1,
    "start_weight": 1,
    "stop_weight": 4,
    "timespan_weight": 3,
    "timespan_offset_weight": 3,
    "colsample": 0.739537273494425,
    "max_depth": 1,
    "early_stopping_rounds": 8,
    "lambda": 0.13798715502920644,
    "alpha": 0.006600476001150232
}