{
    "init_lr": 0.14563433753815827,
    "stop_lr": 0.05077997933337082,
    "lr_factor": 0.95,
    "start_subsample": 0.5110613182188922,
    "stop_subsample": 0.7805058598557973,
    "timespan_subsample": 2,
    "timespan_offset_subsample": 2,
    "start_weight": 9,
    "stop_weight": 2,
    "timespan_weight": 1,
    "timespan_offset_weight": 3,
    "colsample": 0.6757013479975377,
    "max_depth": 14,
    "early_stopping_rounds": 30,
    "lambda": 0.026371836979128857,
    "alpha": 4.1241941393880375e-07
}