{
    "loss": "huber",
    "epsilon": 0.060861402656714754,
    "penalty": "l2",
    "alpha": 0.06607965842461624,
    "tol": 0.00044431630796289476,
    "n_iter_no_change": 96
}