{
    "init_lr": 0.10280321597348037,
    "stop_lr": 0.03974852467187489,
    "lr_factor": 0.95,
    "start_subsample": 0.2956128933391068,
    "stop_subsample": 0.8142224716067904,
    "timespan_subsample": 3,
    "timespan_offset_subsample": 2,
    "start_weight": 7,
    "stop_weight": 1,
    "timespan_weight": 1,
    "timespan_offset_weight": 3,
    "colsample": 0.7016133519357088,
    "max_depth": 14,
    "early_stopping_rounds": 36,
    "lambda": 1.903778610143134e-05,
    "alpha": 1.7892453476659995e-05
}