{
    "init_lr": 0.009462350797668485,
    "stop_lr": 0.004132587715999282,
    "lr_factor": 0.95,
    "start_subsample": 0.9938109981149725,
    "stop_subsample": 0.9999027944098476,
    "timespan_subsample": 2,
    "timespan_offset_subsample": 3,
    "start_weight": 6,
    "stop_weight": 1,
    "timespan_weight": 1,
    "timespan_offset_weight": 3,
    "colsample": 0.38612653843432054,
    "max_depth": 10,
    "early_stopping_rounds": 75,
    "lambda": 0.0027526759063153656,
    "alpha": 6.22897998387968e-08
}