{
    "loss": "log_loss",
    "penalty": "elasticnet",
    "l1_ratio": 0.4092218815670697,
    "alpha": 6.835723606207477e-06,
    "tol": 0.002207363411529865,
    "n_iter_no_change": 100
}