{
    "init_lr": 0.07463179636270792,
    "stop_lr": 0.023571758370996537,
    "lr_factor": 0.95,
    "start_subsample": 0.5169058973330939,
    "stop_subsample": 0.8416938929457709,
    "timespan_subsample": 1,
    "timespan_offset_subsample": 2,
    "start_weight": 5,
    "stop_weight": 5,
    "timespan_weight": 1,
    "timespan_offset_weight": 2,
    "colsample": 0.8451152552180814,
    "max_depth": 3,
    "early_stopping_rounds": 79,
    "lambda": 0.000799241089099297,
    "alpha": 0.0009121381912059984
}