{
    "tree_size": 70,
    "memory_par": 1.1531515003092,
    "lin_trim_quantile": 0.8588940984499522,
    "exp_rand_tree_size": true
}