{
    "init_lr": 0.03208976396751215,
    "stop_lr": 0.011947584604700811,
    "lr_factor": 1,
    "start_subsample": 0.626628659564694,
    "stop_subsample": 0.8814286737220021,
    "timespan_subsample": 2,
    "timespan_offset_subsample": 1,
    "start_weight": 7,
    "stop_weight": 1,
    "timespan_weight": 2,
    "timespan_offset_weight": 3,
    "colsample": 0.2936400758631183,
    "max_depth": 12,
    "early_stopping_rounds": 83,
    "lambda": 6.98481517158427e-05,
    "alpha": 1.7366601275285904e-08
}