{
    "loss": "huber",
    "epsilon": 0.05197777155287689,
    "penalty": "l2",
    "alpha": 0.06895645883628533,
    "tol": 0.0005674762588671777,
    "n_iter_no_change": 63
}