{
    "patience": 59,
    "lr": 0.005341375286364399,
    "lr_wdecay": 0.010737120635554098,
    "hidden_dim": 128,
    "dropout": 0.8733988748063111,
    "n_layers": 2
}