{
    "patience": 60,
    "lr": 0.0024108552825413895,
    "lr_wdecay": 0.09495106267410973,
    "hidden_dim": 128,
    "dropout": 0.5082420606445214,
    "n_layers": 2
}