{
    "init_lr": 0.11427589693032456,
    "stop_lr": 0.10720814074013191,
    "lr_factor": 0.95,
    "start_subsample": 0.9535505283140999,
    "stop_subsample": 0.9759021913734786,
    "timespan_subsample": 3,
    "timespan_offset_subsample": 2,
    "start_weight": 2,
    "stop_weight": 2,
    "timespan_weight": 2,
    "timespan_offset_weight": 3,
    "colsample": 0.6408750440804329,
    "max_depth": 2,
    "early_stopping_rounds": 85,
    "lambda": 0.0017371965433333168,
    "alpha": 6.040420644394502e-07
}