{
    "tree_size": 84,
    "memory_par": 0.047902611625755126,
    "lin_trim_quantile": 0.09635558235512963,
    "exp_rand_tree_size": false
}