{
    "loss": "log_loss",
    "penalty": "elasticnet",
    "l1_ratio": 0.9765739657599747,
    "alpha": 1.905278086155695e-05,
    "tol": 0.011229609672591092,
    "n_iter_no_change": 54
}