{
    "loss": "perceptron",
    "penalty": "elasticnet",
    "l1_ratio": 0.18261426363068645,
    "alpha": 2.4527722329044235e-05,
    "tol": 4.974097879387801e-06,
    "n_iter_no_change": 66
}