{
    "loss": "modified_huber",
    "penalty": "elasticnet",
    "l1_ratio": 0.8778440067981977,
    "alpha": 0.00014568161103003052,
    "tol": 0.09340105842240747,
    "n_iter_no_change": 51
}