{
    "patience": 50,
    "lr": 0.0025005452934138955,
    "lr_wdecay": 0.011472204861330462,
    "hidden_dim": 64,
    "dropout": 0.8091356196373646,
    "n_layers": 3
}