{
    "patience": 73,
    "lr": 0.0014216570947205743,
    "lr_wdecay": 0.01479435016829982,
    "hidden_dim": 265,
    "dropout": 0.5392801951013252,
    "n_layers": 3
}