{
    "patience": 44,
    "lr": 0.0034338990395004127,
    "lr_wdecay": 0.018890562563300437,
    "hidden_dim": 64,
    "dropout": 0.8021345170686989,
    "n_layers": 2
}