{
    "patience": 15,
    "lr": 0.0033043500199916743,
    "lr_wdecay": 0.0003811384768779433,
    "hidden_dim": 128,
    "dropout": 0.8024622177654986,
    "n_layers": 2
}