{
    "loss": "huber",
    "epsilon": 0.0226833472803558,
    "penalty": "l1",
    "alpha": 0.00014467688379602423,
    "tol": 9.39408030974282e-06,
    "n_iter_no_change": 23
}