{
    "init_lr": 0.9564779864850393,
    "stop_lr": 0.955907396029429,
    "lr_factor": 0.99,
    "start_subsample": 0.7639063841602189,
    "stop_subsample": 0.8600154987679789,
    "timespan_subsample": 2,
    "timespan_offset_subsample": 2,
    "start_weight": 1,
    "stop_weight": 3,
    "timespan_weight": 1,
    "timespan_offset_weight": 2,
    "colsample": 0.8967960849721198,
    "max_depth": 6,
    "early_stopping_rounds": 33,
    "lambda": 3.7948974061038843e-07,
    "alpha": 1.1173993146107806e-06
}