{
    "loss": "log_loss",
    "penalty": "elasticnet",
    "l1_ratio": 0.17223036306608283,
    "alpha": 2.1846434065205028e-05,
    "tol": 9.413406904122771e-06,
    "n_iter_no_change": 80
}