{
    "patience": 69,
    "lr": 0.0012439575932661061,
    "lr_wdecay": 0.0050147159892994855,
    "hidden_dim": 265,
    "dropout": 0.31240640427689903,
    "n_layers": 2
}