{
    "patience": 60,
    "lr": 0.014940545287523959,
    "lr_wdecay": 0.002572149890893532,
    "hidden_dim": 64,
    "dropout": 0.12553939034467107,
    "n_layers": 2
}