{
    "patience": 92,
    "lr": 0.05398344212757118,
    "lr_wdecay": 0.020354889118506917,
    "hidden_dim": 128,
    "dropout": 0.6306563424780882,
    "n_layers": 3
}