{
    "patience": 85,
    "lr": 0.0010914576125248964,
    "lr_wdecay": 0.015293546054492848,
    "hidden_dim": 32,
    "dropout": 0.5786565470217686,
    "n_layers": 4
}