{
    "patience": 47,
    "lr": 0.01583965396554815,
    "lr_wdecay": 0.00025208789718327127,
    "hidden_dim": 64,
    "dropout": 0.5647309650840492,
    "n_layers": 2
}