{
    "patience": 74,
    "lr": 0.09604620203661211,
    "lr_wdecay": 0.001597274965749411,
    "hidden_dim": 32,
    "dropout": 0.33186315819544854,
    "n_layers": 2
}