{
    "init_lr": 0.12625752441811552,
    "stop_lr": 0.02087768076481698,
    "lr_factor": 1,
    "start_subsample": 0.49269229579625967,
    "stop_subsample": 0.9651457150620785,
    "timespan_subsample": 2,
    "timespan_offset_subsample": 2,
    "start_weight": 6,
    "stop_weight": 1,
    "timespan_weight": 1,
    "timespan_offset_weight": 1,
    "colsample": 0.19935939088238844,
    "max_depth": 12,
    "early_stopping_rounds": 23,
    "lambda": 0.0001819605740940975,
    "alpha": 0.002622186817704088
}