{
    "init_lr": 0.1019080878076422,
    "stop_lr": 0.05202566891001755,
    "lr_factor": 0.95,
    "start_subsample": 0.9518585469094202,
    "stop_subsample": 0.9922386863223698,
    "timespan_subsample": 1,
    "timespan_offset_subsample": 2,
    "start_weight": 2,
    "stop_weight": 7,
    "timespan_weight": 1,
    "timespan_offset_weight": 2,
    "colsample": 0.8618442075169424,
    "max_depth": 15,
    "early_stopping_rounds": 57,
    "lambda": 3.083014462272181e-08,
    "alpha": 0.19012141326793294
}