{
    "loss": "perceptron",
    "penalty": "elasticnet",
    "l1_ratio": 0.4227792469501503,
    "alpha": 8.192425818649371e-06,
    "tol": 0.005176924822049675,
    "n_iter_no_change": 67
}