{
    "patience": 31,
    "lr": 0.002128495961467445,
    "lr_wdecay": 0.06455772612685304,
    "hidden_dim": 32,
    "dropout": 0.3939540830113688,
    "n_layers": 2
}