{
    "patience": 49,
    "lr": 0.00128079117897634,
    "lr_wdecay": 0.06524562114950608,
    "hidden_dim": 128,
    "dropout": 0.518310817546813,
    "n_layers": 2
}