{
    "init_lr": 0.09277056351465476,
    "stop_lr": 0.0370560006022945,
    "lr_factor": 0.95,
    "start_subsample": 0.13540422507142486,
    "stop_subsample": 0.76588092386767,
    "timespan_subsample": 3,
    "timespan_offset_subsample": 2,
    "start_weight": 8,
    "stop_weight": 1,
    "timespan_weight": 2,
    "timespan_offset_weight": 2,
    "colsample": 0.49391618867265463,
    "max_depth": 13,
    "early_stopping_rounds": 78,
    "lambda": 0.020649827680938117,
    "alpha": 0.00010885775139136374
}