{
    "loss": "huber",
    "epsilon": 0.029825679812131113,
    "penalty": "l2",
    "alpha": 0.21038239126959837,
    "tol": 0.00714820691601718,
    "n_iter_no_change": 66
}