{
    "loss": "squared_hinge",
    "penalty": "elasticnet",
    "l1_ratio": 0.10664850007321647,
    "alpha": 0.08726584033114586,
    "tol": 1.4665919942477187e-05,
    "n_iter_no_change": 37
}