{
    "loss": "squared_hinge",
    "penalty": "elasticnet",
    "l1_ratio": 0.1845973567894319,
    "alpha": 3.9986048853923524e-05,
    "tol": 1.4809539120369847e-05,
    "n_iter_no_change": 84
}