{
    "init_lr": 0.1281750361435547,
    "stop_lr": 0.002383709263051992,
    "lr_factor": 0.95,
    "start_subsample": 0.7032930434097588,
    "stop_subsample": 0.7515249145293673,
    "timespan_subsample": 1,
    "timespan_offset_subsample": 1,
    "start_weight": 4,
    "stop_weight": 2,
    "timespan_weight": 2,
    "timespan_offset_weight": 3,
    "colsample": 0.62956071791726,
    "max_depth": 2,
    "early_stopping_rounds": 18,
    "lambda": 4.377534004350422e-07,
    "alpha": 4.2702199029105634e-07
}