{
    "tree_size": 46,
    "memory_par": 0.0010046173250642587,
    "lin_trim_quantile": 0.398828708628567,
    "exp_rand_tree_size": true
}