{
    "loss": "log_loss",
    "penalty": "elasticnet",
    "l1_ratio": 0.20179835308920743,
    "alpha": 5.960189862700465e-06,
    "tol": 0.00045163145796419865,
    "n_iter_no_change": 42
}