{
    "loss": "hinge",
    "penalty": "elasticnet",
    "l1_ratio": 0.6376923303093365,
    "alpha": 2.5690855991382684e-06,
    "tol": 2.630539885667068e-06,
    "n_iter_no_change": 85
}