{
    "patience": 72,
    "lr": 0.019559378011777546,
    "lr_wdecay": 0.0021714874011029128,
    "hidden_dim": 64,
    "dropout": 0.032010227711021674,
    "n_layers": 4
}