{
    "patience": 95,
    "lr": 0.002773395672415424,
    "lr_wdecay": 0.012153495944050585,
    "hidden_dim": 128,
    "dropout": 0.4781222121285176,
    "n_layers": 4
}