{
    "init_lr": 0.9971882114547885,
    "stop_lr": 0.5379085788655104,
    "lr_factor": 1,
    "start_subsample": 0.6097681303338068,
    "stop_subsample": 0.7733760274009185,
    "timespan_subsample": 1,
    "timespan_offset_subsample": 2,
    "start_weight": 4,
    "stop_weight": 1,
    "timespan_weight": 1,
    "timespan_offset_weight": 2,
    "colsample": 0.9500521094782849,
    "max_depth": 15,
    "early_stopping_rounds": 97,
    "lambda": 0.00011789666429296896,
    "alpha": 0.034738771771847934
}