{
    "init_lr": 0.38626929552969036,
    "stop_lr": 0.1766567487356167,
    "lr_factor": 0.95,
    "start_subsample": 0.5064634445825376,
    "stop_subsample": 0.678737362513905,
    "timespan_subsample": 2,
    "timespan_offset_subsample": 2,
    "start_weight": 6,
    "stop_weight": 1,
    "timespan_weight": 1,
    "timespan_offset_weight": 3,
    "colsample": 0.48127865061270414,
    "max_depth": 1,
    "early_stopping_rounds": 73,
    "lambda": 3.6691041004058355e-05,
    "alpha": 0.0010269291312523497
}