{
    "tree_size": 18,
    "memory_par": 0.06930375516868406,
    "lin_trim_quantile": 0.2070714782853602,
    "exp_rand_tree_size": true
}