{
    "loss": "squared_hinge",
    "penalty": "elasticnet",
    "l1_ratio": 0.023658266649495736,
    "alpha": 1.4753670832000883e-06,
    "tol": 0.06880398674841558,
    "n_iter_no_change": 54
}