{
    "init_lr": 0.20381693602779327,
    "stop_lr": 0.1512639805992369,
    "lr_factor": 0.95,
    "start_subsample": 0.9992859758537189,
    "stop_subsample": 0.9666672598304479,
    "timespan_subsample": 2,
    "timespan_offset_subsample": 2,
    "start_weight": 1,
    "stop_weight": 2,
    "timespan_weight": 2,
    "timespan_offset_weight": 2,
    "colsample": 0.5113220678578879,
    "max_depth": 1,
    "early_stopping_rounds": 39,
    "lambda": 0.06848353872924443,
    "alpha": 9.773442950932257e-07
}