{
    "init_lr": 0.0026720391985370837,
    "stop_lr": 0.0011659770595308888,
    "lr_factor": 0.95,
    "start_subsample": 0.5261228782186177,
    "stop_subsample": 0.7925489183959281,
    "timespan_subsample": 2,
    "timespan_offset_subsample": 2,
    "start_weight": 1,
    "stop_weight": 6,
    "timespan_weight": 2,
    "timespan_offset_weight": 2,
    "colsample": 0.42635466793430166,
    "max_depth": 9,
    "early_stopping_rounds": 74,
    "lambda": 5.012780519561529e-07,
    "alpha": 4.276208577140874e-07
}