{
    "tree_size": 28,
    "memory_par": 0.008218149336299649,
    "lin_trim_quantile": 0.15495655734169267,
    "exp_rand_tree_size": false
}