{
    "init_lr": 0.10779302044102498,
    "stop_lr": 0.014242479998741455,
    "lr_factor": 0.99,
    "start_subsample": 0.8126232194604193,
    "stop_subsample": 0.9454577448579595,
    "timespan_subsample": 2,
    "timespan_offset_subsample": 2,
    "start_weight": 6,
    "stop_weight": 1,
    "timespan_weight": 3,
    "timespan_offset_weight": 1,
    "colsample": 0.4717440005631828,
    "max_depth": 11,
    "early_stopping_rounds": 12,
    "lambda": 3.123743697211437e-07,
    "alpha": 5.290709938041186e-05
}