{
    "loss": "log_loss",
    "penalty": "elasticnet",
    "l1_ratio": 0.025672494754239494,
    "alpha": 1.0392875483444232e-06,
    "tol": 1.2146934573673196e-05,
    "n_iter_no_change": 24
}