{
    "tree_size": 78,
    "memory_par": 0.003967019102720351,
    "lin_trim_quantile": 0.3469064134711755,
    "exp_rand_tree_size": true
}