{
    "loss": "modified_huber",
    "penalty": "elasticnet",
    "l1_ratio": 0.16458465865751282,
    "alpha": 0.09369534704765231,
    "tol": 0.0007122468870674395,
    "n_iter_no_change": 92
}