{
    "init_lr": 0.018608150670069205,
    "stop_lr": 0.003321195472841305,
    "lr_factor": 0.99,
    "start_subsample": 0.689431601811798,
    "stop_subsample": 0.8101316395546734,
    "timespan_subsample": 1,
    "timespan_offset_subsample": 2,
    "start_weight": 1,
    "stop_weight": 1,
    "timespan_weight": 2,
    "timespan_offset_weight": 2,
    "colsample": 0.7832258654891898,
    "max_depth": 11,
    "early_stopping_rounds": 14,
    "lambda": 4.629231606289484e-06,
    "alpha": 0.005218139325653533
}