{
    "tree_size": 22,
    "memory_par": 0.08797983826652193,
    "lin_trim_quantile": 0.7585938741100348,
    "exp_rand_tree_size": true
}