{
    "loss": "huber",
    "epsilon": 0.2788681470593497,
    "penalty": "l2",
    "alpha": 0.006910395272381376,
    "tol": 1.4868983250701565e-05,
    "n_iter_no_change": 84
}