{
    "init_lr": 0.12016980416102319,
    "stop_lr": 0.01892692518587462,
    "lr_factor": 0.99,
    "start_subsample": 0.8120579908618993,
    "stop_subsample": 0.9303837550124042,
    "timespan_subsample": 1,
    "timespan_offset_subsample": 1,
    "start_weight": 10,
    "stop_weight": 9,
    "timespan_weight": 1,
    "timespan_offset_weight": 1,
    "colsample": 0.5735798790297879,
    "max_depth": 13,
    "early_stopping_rounds": 51,
    "lambda": 9.227548528269283e-05,
    "alpha": 0.001249859354770403
}