{
    "patience": 77,
    "lr": 0.005689858442521679,
    "lr_wdecay": 0.09226607237190987,
    "hidden_dim": 128,
    "dropout": 0.43554015079724173,
    "n_layers": 2
}