{
    "patience": 28,
    "lr": 0.0013505672480581665,
    "lr_wdecay": 0.02163546131387503,
    "hidden_dim": 64,
    "dropout": 0.11856022797956439,
    "n_layers": 2
}