{
    "init_lr": 0.19691368174975624,
    "stop_lr": 0.125497149254309,
    "lr_factor": 0.95,
    "start_subsample": 0.6719015201620351,
    "stop_subsample": 0.8842415338503543,
    "timespan_subsample": 1,
    "timespan_offset_subsample": 1,
    "start_weight": 4,
    "stop_weight": 1,
    "timespan_weight": 1,
    "timespan_offset_weight": 3,
    "colsample": 0.34682631240819195,
    "max_depth": 7,
    "early_stopping_rounds": 85,
    "lambda": 7.14567126099678e-08,
    "alpha": 0.12729759419033865
}