{
    "tree_size": 22,
    "memory_par": 0.0642078278406339,
    "lin_trim_quantile": 0.13776940308741906,
    "exp_rand_tree_size": true
}