{
    "loss": "squared_hinge",
    "penalty": "elasticnet",
    "l1_ratio": 0.7039516246414469,
    "alpha": 1.2021145840857227e-05,
    "tol": 0.001140802365727357,
    "n_iter_no_change": 74
}