{
    "init_lr": 0.0026129862283711678,
    "stop_lr": 0.0011352913126613504,
    "lr_factor": 1,
    "start_subsample": 0.8294268732921383,
    "stop_subsample": 0.9057538893045014,
    "timespan_subsample": 3,
    "timespan_offset_subsample": 1,
    "start_weight": 10,
    "stop_weight": 1,
    "timespan_weight": 3,
    "timespan_offset_weight": 2,
    "colsample": 0.2331328193113042,
    "max_depth": 13,
    "early_stopping_rounds": 88,
    "lambda": 0.0005244453447056154,
    "alpha": 0.006385325499161416
}