{
    "init_lr": 0.4263498974849808,
    "stop_lr": 0.23195021026708323,
    "lr_factor": 0.99,
    "start_subsample": 0.8317538257739331,
    "stop_subsample": 0.8395530165406404,
    "timespan_subsample": 1,
    "timespan_offset_subsample": 2,
    "start_weight": 1,
    "stop_weight": 3,
    "timespan_weight": 3,
    "timespan_offset_weight": 2,
    "colsample": 0.7168985795467026,
    "max_depth": 8,
    "early_stopping_rounds": 21,
    "lambda": 0.27847023767952733,
    "alpha": 0.000144653809474058
}