{
    "loss": "squared_epsilon_insensitive",
    "epsilon": 0.09233999844521863,
    "penalty": "l2",
    "alpha": 0.0033216103257027066,
    "tol": 2.778853738143929e-06,
    "n_iter_no_change": 39
}