{
    "init_lr": 0.417151520559015,
    "stop_lr": 0.28532199599800434,
    "lr_factor": 1,
    "start_subsample": 0.5365570443103262,
    "stop_subsample": 0.6818192265355758,
    "timespan_subsample": 2,
    "timespan_offset_subsample": 1,
    "start_weight": 4,
    "stop_weight": 6,
    "timespan_weight": 1,
    "timespan_offset_weight": 2,
    "colsample": 0.916744264360075,
    "max_depth": 8,
    "early_stopping_rounds": 47,
    "lambda": 1.5908351693465777e-05,
    "alpha": 0.0010521636784912272
}