{
    "loss": "huber",
    "epsilon": 0.016685523128975453,
    "penalty": "elasticnet",
    "l1_ratio": 0.06125144080919963,
    "alpha": 0.00011267604114658542,
    "tol": 3.287662813014948e-06,
    "n_iter_no_change": 38
}