{
    "init_lr": 0.3489265703883667,
    "stop_lr": 0.2990914999624958,
    "lr_factor": 0.99,
    "start_subsample": 0.9645058262317202,
    "stop_subsample": 0.9798533893252659,
    "timespan_subsample": 2,
    "timespan_offset_subsample": 2,
    "start_weight": 8,
    "stop_weight": 1,
    "timespan_weight": 1,
    "timespan_offset_weight": 1,
    "colsample": 0.5404644705319175,
    "max_depth": 5,
    "early_stopping_rounds": 56,
    "lambda": 0.012142422004854023,
    "alpha": 2.7777148273118913e-05
}