{
    "init_lr": 0.03912342142280949,
    "stop_lr": 0.023088975235558643,
    "lr_factor": 0.99,
    "start_subsample": 0.42322492090949937,
    "stop_subsample": 0.6865642853489381,
    "timespan_subsample": 1,
    "timespan_offset_subsample": 3,
    "start_weight": 9,
    "stop_weight": 3,
    "timespan_weight": 1,
    "timespan_offset_weight": 1,
    "colsample": 0.4229190031861577,
    "max_depth": 12,
    "early_stopping_rounds": 74,
    "lambda": 2.8186872736338644e-08,
    "alpha": 2.917750362526382e-05
}