{
    "init_lr": 0.1843311894206847,
    "stop_lr": 0.06258021657197908,
    "lr_factor": 0.99,
    "start_subsample": 0.5714891646504895,
    "stop_subsample": 0.9400893703092605,
    "timespan_subsample": 2,
    "timespan_offset_subsample": 2,
    "start_weight": 7,
    "stop_weight": 1,
    "timespan_weight": 1,
    "timespan_offset_weight": 1,
    "colsample": 0.4121374410789725,
    "max_depth": 7,
    "early_stopping_rounds": 34,
    "lambda": 8.028308833419513e-07,
    "alpha": 0.00018832723797804015
}