{
    "init_lr": 0.5111533912855829,
    "stop_lr": 0.23979405624498867,
    "lr_factor": 1,
    "start_subsample": 0.6582599123985072,
    "stop_subsample": 0.9897616428469223,
    "timespan_subsample": 3,
    "timespan_offset_subsample": 2,
    "start_weight": 1,
    "stop_weight": 8,
    "timespan_weight": 1,
    "timespan_offset_weight": 2,
    "colsample": 0.5061736919256923,
    "max_depth": 3,
    "early_stopping_rounds": 48,
    "lambda": 3.3546789311940673e-06,
    "alpha": 0.9092354141333745
}