{
    "loss": "hinge",
    "penalty": "elasticnet",
    "l1_ratio": 0.15606669530286932,
    "alpha": 4.467112600116096e-06,
    "tol": 3.844808902827699e-05,
    "n_iter_no_change": 49
}