{
    "loss": "huber",
    "epsilon": 0.16970314790443403,
    "penalty": "l2",
    "alpha": 0.00661462127958953,
    "tol": 5.538162856791058e-05,
    "n_iter_no_change": 11
}