{
    "loss": "huber",
    "epsilon": 0.020924702144343537,
    "penalty": "l2",
    "alpha": 6.173796616785397,
    "tol": 0.00047117942585300364,
    "n_iter_no_change": 21
}