{
    "patience": 4,
    "lr": 0.003840617375818026,
    "lr_wdecay": 0.008710645610972949,
    "hidden_dim": 64,
    "dropout": 0.3488666410124803,
    "n_layers": 2
}