{
    "patience": 60,
    "lr": 0.013996319358030022,
    "lr_wdecay": 0.019135050644960787,
    "hidden_dim": 32,
    "dropout": 0.3658176352345089,
    "n_layers": 2
}