{
    "loss": "huber",
    "epsilon": 0.05704244194630033,
    "penalty": "l2",
    "alpha": 2.4803889662416356,
    "tol": 0.0010115849917719344,
    "n_iter_no_change": 87
}