{
    "init_lr": 0.061724546799794014,
    "stop_lr": 0.009322045349201127,
    "lr_factor": 1,
    "start_subsample": 0.8409776193018431,
    "stop_subsample": 0.8989244933049378,
    "timespan_subsample": 2,
    "timespan_offset_subsample": 3,
    "start_weight": 1,
    "stop_weight": 9,
    "timespan_weight": 3,
    "timespan_offset_weight": 2,
    "colsample": 0.49492165174102315,
    "max_depth": 15,
    "early_stopping_rounds": 50,
    "lambda": 0.017421824129456743,
    "alpha": 0.8141641883434484
}