{
    "init_lr": 0.1837750130104232,
    "stop_lr": 0.03440327032097926,
    "lr_factor": 1,
    "start_subsample": 0.6188801285417671,
    "stop_subsample": 0.80401815705578,
    "timespan_subsample": 1,
    "timespan_offset_subsample": 3,
    "start_weight": 4,
    "stop_weight": 1,
    "timespan_weight": 2,
    "timespan_offset_weight": 1,
    "colsample": 0.6480997969218838,
    "max_depth": 6,
    "early_stopping_rounds": 92,
    "lambda": 4.126303828352938e-07,
    "alpha": 0.00013058304122730136
}