{
    "patience": 31,
    "lr": 0.002091118760119645,
    "lr_wdecay": 0.02287761850555102,
    "hidden_dim": 265,
    "dropout": 0.7141161798624717,
    "n_layers": 2
}