{
    "patience": 19,
    "lr": 0.001192247024760934,
    "lr_wdecay": 0.0894519148913066,
    "hidden_dim": 32,
    "dropout": 0.7509913928815224,
    "n_layers": 2
}