{
    "tree_size": 71,
    "memory_par": 0.052422960258738036,
    "lin_trim_quantile": 0.34103071306682686,
    "exp_rand_tree_size": true
}