{
    "loss": "huber",
    "epsilon": 0.1604913036954854,
    "penalty": "l2",
    "alpha": 3.2527632835783025,
    "tol": 0.013658701106122788,
    "n_iter_no_change": 61
}