{
    "init_lr": 0.04445807097270328,
    "stop_lr": 0.02605076308617702,
    "lr_factor": 0.95,
    "start_subsample": 0.27813696315244746,
    "stop_subsample": 0.3453134981372188,
    "timespan_subsample": 3,
    "timespan_offset_subsample": 1,
    "start_weight": 2,
    "stop_weight": 1,
    "timespan_weight": 1,
    "timespan_offset_weight": 1,
    "colsample": 0.6545374302347816,
    "max_depth": 13,
    "early_stopping_rounds": 70,
    "lambda": 0.06660674817435691,
    "alpha": 0.13954310507939158
}