{
    "loss": "squared_hinge",
    "penalty": "elasticnet",
    "l1_ratio": 0.6317290260674405,
    "alpha": 9.892434334856697e-06,
    "tol": 1.0270920523893537e-05,
    "n_iter_no_change": 96
}