{
    "init_lr": 0.2698957122091416,
    "stop_lr": 0.07693346634536068,
    "lr_factor": 0.99,
    "start_subsample": 0.5993481731749876,
    "stop_subsample": 0.9526221774325989,
    "timespan_subsample": 1,
    "timespan_offset_subsample": 1,
    "start_weight": 1,
    "stop_weight": 4,
    "timespan_weight": 3,
    "timespan_offset_weight": 1,
    "colsample": 0.8012371102482614,
    "max_depth": 1,
    "early_stopping_rounds": 41,
    "lambda": 4.385955145445849e-07,
    "alpha": 0.34337443811306534
}