{
    "patience": 35,
    "lr": 0.01879660725945385,
    "lr_wdecay": 0.0019039765039369637,
    "hidden_dim": 128,
    "dropout": 0.5462825569658902,
    "n_layers": 2
}