{
    "patience": 58,
    "lr": 0.0023999043026774547,
    "lr_wdecay": 0.00048383936647328305,
    "hidden_dim": 32,
    "dropout": 0.31205796333426794,
    "n_layers": 2
}