{
    "patience": 77,
    "lr": 0.017644451051450967,
    "lr_wdecay": 0.0010580046322706475,
    "hidden_dim": 265,
    "dropout": 0.15117504870158302,
    "n_layers": 2
}