{
    "patience": 85,
    "lr": 0.004655613180523737,
    "lr_wdecay": 6.650714653959832e-05,
    "hidden_dim": 265,
    "dropout": 0.17593570350156693,
    "n_layers": 2
}