{
    "init_lr": 0.12684921315230938,
    "stop_lr": 0.053825936493013066,
    "lr_factor": 0.99,
    "start_subsample": 0.22276392794714595,
    "stop_subsample": 0.5261047461346904,
    "timespan_subsample": 1,
    "timespan_offset_subsample": 1,
    "start_weight": 8,
    "stop_weight": 2,
    "timespan_weight": 3,
    "timespan_offset_weight": 1,
    "colsample": 0.40160965291688666,
    "max_depth": 8,
    "early_stopping_rounds": 45,
    "lambda": 2.9162813488655845e-05,
    "alpha": 6.825985297471898e-08
}