{
    "tree_size": 39,
    "memory_par": 0.05180351077604606,
    "lin_trim_quantile": 0.24846161263349664,
    "exp_rand_tree_size": true
}