{
    "loss": "log_loss",
    "penalty": "elasticnet",
    "l1_ratio": 0.7891342791474156,
    "alpha": 0.0006182854584271358,
    "tol": 0.0754727536074206,
    "n_iter_no_change": 11
}