{
    "tree_size": 4,
    "memory_par": 0.002313628559582202,
    "lin_trim_quantile": 0.21314345393484957,
    "exp_rand_tree_size": false
}