{
    "tree_size": 18,
    "memory_par": 0.042616196567147525,
    "lin_trim_quantile": 0.6072032774423113,
    "exp_rand_tree_size": true
}