{
    "init_lr": 0.055342738134002215,
    "stop_lr": 0.009402384942562514,
    "lr_factor": 0.95,
    "start_subsample": 0.3956473003150299,
    "stop_subsample": 0.799087523714043,
    "timespan_subsample": 1,
    "timespan_offset_subsample": 2,
    "start_weight": 5,
    "stop_weight": 1,
    "timespan_weight": 1,
    "timespan_offset_weight": 2,
    "colsample": 0.3911369106337954,
    "max_depth": 8,
    "early_stopping_rounds": 74,
    "lambda": 3.697853075905958e-05,
    "alpha": 0.2016511023438801
}