{
    "loss": "squared_hinge",
    "penalty": "elasticnet",
    "l1_ratio": 0.4544065306545838,
    "alpha": 2.027521991819899e-05,
    "tol": 0.00018237352320610967,
    "n_iter_no_change": 88
}