{
    "patience": 71,
    "lr": 0.00473540524614389,
    "lr_wdecay": 0.011838202024246604,
    "hidden_dim": 128,
    "dropout": 0.1574947819566036,
    "n_layers": 4
}