{
    "patience": 21,
    "lr": 0.0017894037557928,
    "lr_wdecay": 0.05462367812357749,
    "hidden_dim": 64,
    "dropout": 0.06350819013631366,
    "n_layers": 4
}