{
    "patience": 44,
    "lr": 0.25278212067450884,
    "lr_wdecay": 0.007457432548723524,
    "hidden_dim": 265,
    "dropout": 0.09718885922954885,
    "n_layers": 4
}