{
    "patience": 70,
    "lr": 0.02725196189599825,
    "lr_wdecay": 0.006133404458463369,
    "hidden_dim": 128,
    "dropout": 0.5812837947203927,
    "n_layers": 4
}