{
    "patience": 27,
    "lr": 0.006139691842816036,
    "lr_wdecay": 0.09497475382592954,
    "hidden_dim": 32,
    "dropout": 0.5280294675649321,
    "n_layers": 2
}