{
    "patience": 43,
    "lr": 0.006129464952315272,
    "lr_wdecay": 0.07976178177096689,
    "hidden_dim": 64,
    "dropout": 0.6489178563855312,
    "n_layers": 2
}