{
    "init_lr": 0.18072234588925298,
    "stop_lr": 0.04017513426688088,
    "lr_factor": 0.99,
    "start_subsample": 0.32056783164567637,
    "stop_subsample": 0.46198513171783606,
    "timespan_subsample": 2,
    "timespan_offset_subsample": 3,
    "start_weight": 8,
    "stop_weight": 1,
    "timespan_weight": 3,
    "timespan_offset_weight": 2,
    "colsample": 0.8178094142687274,
    "max_depth": 8,
    "early_stopping_rounds": 34,
    "lambda": 1.206662513641369e-07,
    "alpha": 3.0463544148900214e-08
}