{
    "patience": 67,
    "lr": 0.0023363320052980636,
    "lr_wdecay": 0.0017539428886702152,
    "hidden_dim": 265,
    "dropout": 0.7179443515592985,
    "n_layers": 4
}