{
    "patience": 94,
    "lr": 0.016077863907055536,
    "lr_wdecay": 0.002477845626815715,
    "hidden_dim": 64,
    "dropout": 0.6461716622360089,
    "n_layers": 4
}