{
    "init_lr": 0.21923638287093572,
    "stop_lr": 0.06332715804418673,
    "lr_factor": 0.99,
    "start_subsample": 0.2726098654161449,
    "stop_subsample": 0.7779648056386771,
    "timespan_subsample": 2,
    "timespan_offset_subsample": 3,
    "start_weight": 2,
    "stop_weight": 7,
    "timespan_weight": 3,
    "timespan_offset_weight": 3,
    "colsample": 0.7797284284530968,
    "max_depth": 5,
    "early_stopping_rounds": 58,
    "lambda": 9.451296590414579e-05,
    "alpha": 0.014424431485728155
}