{
    "tree_size": 22,
    "memory_par": 0.010561694465323805,
    "lin_trim_quantile": 0.6405131960074745,
    "exp_rand_tree_size": true
}