{
    "init_lr": 0.04507866326881122,
    "stop_lr": 0.034105320724365625,
    "lr_factor": 0.99,
    "start_subsample": 0.41536932212786193,
    "stop_subsample": 0.5475160479894021,
    "timespan_subsample": 3,
    "timespan_offset_subsample": 3,
    "start_weight": 9,
    "stop_weight": 2,
    "timespan_weight": 3,
    "timespan_offset_weight": 2,
    "colsample": 0.8280716554072641,
    "max_depth": 3,
    "early_stopping_rounds": 53,
    "lambda": 0.005673409077760906,
    "alpha": 0.17458312727620678
}