{
    "tree_size": 27,
    "memory_par": 0.027483857067495662,
    "lin_trim_quantile": 0.02701160880814097,
    "exp_rand_tree_size": true
}