{
    "loss": "hinge",
    "penalty": "elasticnet",
    "l1_ratio": 0.39894681267235704,
    "alpha": 1.8719045460402934e-05,
    "tol": 0.0002456607960008047,
    "n_iter_no_change": 93
}