{
    "patience": 26,
    "lr": 0.00847881157951661,
    "lr_wdecay": 0.010555675967375857,
    "hidden_dim": 32,
    "dropout": 0.7992875413538245,
    "n_layers": 3
}