{
    "patience": 90,
    "lr": 0.004453114863669133,
    "lr_wdecay": 0.004867643785962527,
    "hidden_dim": 265,
    "dropout": 0.8929962806603883,
    "n_layers": 4
}