{
    "patience": 69,
    "lr": 0.016941256039789968,
    "lr_wdecay": 0.012094316927482423,
    "hidden_dim": 265,
    "dropout": 0.7483769382704737,
    "n_layers": 3
}