{
    "patience": 67,
    "lr": 0.05564343489787994,
    "lr_wdecay": 0.0029016479216246696,
    "hidden_dim": 64,
    "dropout": 0.6204654297043761,
    "n_layers": 2
}