{
    "patience": 24,
    "lr": 0.004535731055011085,
    "lr_wdecay": 0.0006623576675503977,
    "hidden_dim": 64,
    "dropout": 0.44456969251007883,
    "n_layers": 2
}