{
    "patience": 95,
    "lr": 0.005608637796562742,
    "lr_wdecay": 0.0003880231057022355,
    "hidden_dim": 128,
    "dropout": 0.390690448002516,
    "n_layers": 2
}