{
    "init_lr": 0.4003147371689283,
    "stop_lr": 0.22934373476264105,
    "lr_factor": 1,
    "start_subsample": 0.9406791820792919,
    "stop_subsample": 0.9634043217414319,
    "timespan_subsample": 3,
    "timespan_offset_subsample": 2,
    "start_weight": 4,
    "stop_weight": 2,
    "timespan_weight": 2,
    "timespan_offset_weight": 2,
    "colsample": 0.8893168083065113,
    "max_depth": 4,
    "early_stopping_rounds": 76,
    "lambda": 4.634327712711945e-07,
    "alpha": 0.0007580227315583158
}