{
    "init_lr": 0.046937693140122104,
    "stop_lr": 0.028853750541532903,
    "lr_factor": 1,
    "start_subsample": 0.9702811927492927,
    "stop_subsample": 0.983171337073123,
    "timespan_subsample": 2,
    "timespan_offset_subsample": 1,
    "start_weight": 10,
    "stop_weight": 8,
    "timespan_weight": 2,
    "timespan_offset_weight": 2,
    "colsample": 0.33148672007335855,
    "max_depth": 1,
    "early_stopping_rounds": 95,
    "lambda": 3.83064591658351e-06,
    "alpha": 0.0003464918520163764
}