{
    "init_lr": 0.02391537199706406,
    "stop_lr": 0.023176623605715187,
    "lr_factor": 1,
    "start_subsample": 0.7876899255132078,
    "stop_subsample": 0.9140188693938753,
    "timespan_subsample": 2,
    "timespan_offset_subsample": 3,
    "start_weight": 1,
    "stop_weight": 9,
    "timespan_weight": 2,
    "timespan_offset_weight": 2,
    "colsample": 0.7246702379759442,
    "max_depth": 4,
    "early_stopping_rounds": 24,
    "lambda": 0.0024358050140378044,
    "alpha": 1.1156412122030736e-06
}