{
    "patience": 80,
    "lr": 0.03163473619453024,
    "lr_wdecay": 0.0024390592903933486,
    "hidden_dim": 128,
    "dropout": 0.43744898274886823,
    "n_layers": 2
}