{
    "patience": 9,
    "lr": 0.0017930199256922061,
    "lr_wdecay": 0.0005445983237100183,
    "hidden_dim": 64,
    "dropout": 0.5875901134581285,
    "n_layers": 4
}