{
    "patience": 80,
    "lr": 0.019406508782590457,
    "lr_wdecay": 0.01069492605657832,
    "hidden_dim": 64,
    "dropout": 0.23613658584078748,
    "n_layers": 3
}