{
    "patience": 67,
    "lr": 0.026921108777693697,
    "lr_wdecay": 0.02199945800488981,
    "hidden_dim": 128,
    "dropout": 0.5189288795513379,
    "n_layers": 2
}