{
    "tree_size": 87,
    "memory_par": 0.04949926815136204,
    "lin_trim_quantile": 0.6592409547821412,
    "exp_rand_tree_size": true
}