{
    "tree_size": 13,
    "memory_par": 0.00750319268445339,
    "lin_trim_quantile": 0.7851369423225142,
    "exp_rand_tree_size": false
}