{
    "patience": 19,
    "lr": 0.0031080548411198494,
    "lr_wdecay": 0.08710610659946026,
    "hidden_dim": 128,
    "dropout": 0.6280399523385889,
    "n_layers": 2
}