{
    "patience": 0,
    "lr": 0.0015129089783843211,
    "lr_wdecay": 0.09597500363890196,
    "hidden_dim": 64,
    "dropout": 0.7312155381777765,
    "n_layers": 2
}