{
    "patience": 78,
    "lr": 0.01771600999851697,
    "lr_wdecay": 0.014510579093230835,
    "hidden_dim": 64,
    "dropout": 0.24010541120173995,
    "n_layers": 2
}