{
    "patience": 80,
    "lr": 0.04402539341588144,
    "lr_wdecay": 0.022077012240740736,
    "hidden_dim": 265,
    "dropout": 0.612736729971036,
    "n_layers": 4
}