{
    "tree_size": 16,
    "memory_par": 0.015509364857139493,
    "lin_trim_quantile": 0.21468268873522495,
    "exp_rand_tree_size": true
}