{
    "init_lr": 0.5149801291838827,
    "stop_lr": 0.23103144199607697,
    "lr_factor": 1,
    "start_subsample": 0.9294075678138144,
    "stop_subsample": 0.9700282658350543,
    "timespan_subsample": 1,
    "timespan_offset_subsample": 3,
    "start_weight": 2,
    "stop_weight": 4,
    "timespan_weight": 3,
    "timespan_offset_weight": 3,
    "colsample": 0.46042022447499953,
    "max_depth": 12,
    "early_stopping_rounds": 83,
    "lambda": 3.9981424513968034e-05,
    "alpha": 0.00011938017335420894
}