{
    "patience": 96,
    "lr": 0.004329262868318573,
    "lr_wdecay": 0.09968718715490757,
    "hidden_dim": 265,
    "dropout": 0.5334583831501456,
    "n_layers": 2
}