{
    "patience": 74,
    "lr": 0.0040262019460857905,
    "lr_wdecay": 0.023588888112776735,
    "hidden_dim": 265,
    "dropout": 0.28946983506583496,
    "n_layers": 3
}