{
    "tree_size": 67,
    "memory_par": 0.013307702655593395,
    "lin_trim_quantile": 0.4047145134539383,
    "exp_rand_tree_size": true
}