{
    "patience": 39,
    "lr": 0.019075983166310873,
    "lr_wdecay": 0.015070236032130258,
    "hidden_dim": 265,
    "dropout": 0.5070523254770037,
    "n_layers": 2
}