{
    "patience": 67,
    "lr": 0.023102158641086588,
    "lr_wdecay": 0.0045768937793919775,
    "hidden_dim": 64,
    "dropout": 0.6817752558044828,
    "n_layers": 3
}