{
    "init_lr": 0.28293466176523246,
    "stop_lr": 0.10148675889595683,
    "lr_factor": 1,
    "start_subsample": 0.8255117444807433,
    "stop_subsample": 0.9418706874217833,
    "timespan_subsample": 2,
    "timespan_offset_subsample": 1,
    "start_weight": 1,
    "stop_weight": 9,
    "timespan_weight": 2,
    "timespan_offset_weight": 3,
    "colsample": 0.4620876074913711,
    "max_depth": 9,
    "early_stopping_rounds": 64,
    "lambda": 0.00030132711460995363,
    "alpha": 0.00015544100439375032
}