{
    "loss": "huber",
    "epsilon": 0.17986525703974693,
    "penalty": "l1",
    "alpha": 0.000420926736291007,
    "tol": 1.9884474643135415e-05,
    "n_iter_no_change": 87
}