{
    "tree_size": 75,
    "memory_par": 0.0013365431963433382,
    "lin_trim_quantile": 0.9525899307940815,
    "exp_rand_tree_size": true
}