{
    "init_lr": 0.08771115279229358,
    "stop_lr": 0.009152972117509605,
    "lr_factor": 1,
    "start_subsample": 0.9323944026805113,
    "stop_subsample": 0.9900658318973674,
    "timespan_subsample": 1,
    "timespan_offset_subsample": 1,
    "start_weight": 1,
    "stop_weight": 3,
    "timespan_weight": 1,
    "timespan_offset_weight": 2,
    "colsample": 0.5188505890115329,
    "max_depth": 13,
    "early_stopping_rounds": 12,
    "lambda": 1.145646249731345e-07,
    "alpha": 0.0005837834223469352
}