{
    "init_lr": 0.33276790123845895,
    "stop_lr": 0.31490102733053404,
    "lr_factor": 0.99,
    "start_subsample": 0.9026685883430496,
    "stop_subsample": 0.987575113840458,
    "timespan_subsample": 2,
    "timespan_offset_subsample": 1,
    "start_weight": 1,
    "stop_weight": 3,
    "timespan_weight": 1,
    "timespan_offset_weight": 1,
    "colsample": 0.2450447399423214,
    "max_depth": 1,
    "early_stopping_rounds": 80,
    "lambda": 0.01631814124350186,
    "alpha": 3.6583714526428886e-07
}