{
    "patience": 92,
    "lr": 0.032593850491317966,
    "lr_wdecay": 0.009024280229577688,
    "hidden_dim": 265,
    "dropout": 0.36191362970636237,
    "n_layers": 2
}