{
    "patience": 28,
    "lr": 0.002127557903303235,
    "lr_wdecay": 0.030197487395252992,
    "hidden_dim": 32,
    "dropout": 0.6675225478497295,
    "n_layers": 3
}