{
    "init_lr": 0.05055450683958945,
    "stop_lr": 0.03858592083968665,
    "lr_factor": 1,
    "start_subsample": 0.9791453893850969,
    "stop_subsample": 0.988507713181135,
    "timespan_subsample": 3,
    "timespan_offset_subsample": 3,
    "start_weight": 1,
    "stop_weight": 4,
    "timespan_weight": 2,
    "timespan_offset_weight": 3,
    "colsample": 0.7249168258657757,
    "max_depth": 5,
    "early_stopping_rounds": 47,
    "lambda": 5.399708784759668e-08,
    "alpha": 0.0009002311769613656
}