{
    "patience": 54,
    "lr": 0.020047092368623346,
    "lr_wdecay": 0.08282136330139578,
    "hidden_dim": 265,
    "dropout": 0.4069894229716673,
    "n_layers": 2
}