{
    "patience": 17,
    "lr": 0.0024363598282616437,
    "lr_wdecay": 0.05300832564089773,
    "hidden_dim": 128,
    "dropout": 0.2752805778711258,
    "n_layers": 2
}