{
    "loss": "hinge",
    "penalty": "elasticnet",
    "l1_ratio": 0.7729907203300317,
    "alpha": 0.001105175657613904,
    "tol": 0.029927795459255883,
    "n_iter_no_change": 100
}