{
    "tree_size": 2,
    "memory_par": 4.66248527522232,
    "lin_trim_quantile": 0.08661586665539245,
    "exp_rand_tree_size": true
}