{
    "patience": 73,
    "lr": 0.012156753860833766,
    "lr_wdecay": 0.013242457091698115,
    "hidden_dim": 265,
    "dropout": 0.6959225745091276,
    "n_layers": 3
}