{
    "patience": 30,
    "lr": 0.013884602138920323,
    "lr_wdecay": 0.03385906869898121,
    "hidden_dim": 128,
    "dropout": 0.019613820797000248,
    "n_layers": 2
}