{
    "patience": 9,
    "lr": 0.0028263056024028176,
    "lr_wdecay": 0.0006076227648936722,
    "hidden_dim": 32,
    "dropout": 0.06841644911713529,
    "n_layers": 3
}