{
    "init_lr": 0.03888866194232434,
    "stop_lr": 0.011960371242782097,
    "lr_factor": 0.95,
    "start_subsample": 0.24027638614805596,
    "stop_subsample": 0.4245250422719639,
    "timespan_subsample": 1,
    "timespan_offset_subsample": 1,
    "start_weight": 5,
    "stop_weight": 1,
    "timespan_weight": 2,
    "timespan_offset_weight": 3,
    "colsample": 0.8998282476139372,
    "max_depth": 7,
    "early_stopping_rounds": 84,
    "lambda": 2.0134378966829744e-06,
    "alpha": 4.509913522050221e-07
}