{
    "init_lr": 0.05922012768714589,
    "stop_lr": 0.01189299693274312,
    "lr_factor": 0.95,
    "start_subsample": 0.8923141397883025,
    "stop_subsample": 0.9842850585879627,
    "timespan_subsample": 3,
    "timespan_offset_subsample": 1,
    "start_weight": 1,
    "stop_weight": 8,
    "timespan_weight": 3,
    "timespan_offset_weight": 1,
    "colsample": 0.8304989685881295,
    "max_depth": 11,
    "early_stopping_rounds": 93,
    "lambda": 0.038628027597847246,
    "alpha": 0.0029405722912721473
}