{
    "init_lr": 0.24248019950166738,
    "stop_lr": 0.2014146574132486,
    "lr_factor": 1,
    "start_subsample": 0.8575305400135781,
    "stop_subsample": 0.9122087231627058,
    "timespan_subsample": 3,
    "timespan_offset_subsample": 3,
    "start_weight": 1,
    "stop_weight": 1,
    "timespan_weight": 3,
    "timespan_offset_weight": 2,
    "colsample": 0.39645238642620506,
    "max_depth": 7,
    "early_stopping_rounds": 63,
    "lambda": 3.49621581351616e-05,
    "alpha": 3.112494603151115e-06
}