{
    "init_lr": 0.0917102156511797,
    "stop_lr": 0.01654776963911523,
    "lr_factor": 0.95,
    "start_subsample": 0.23381494544616432,
    "stop_subsample": 0.6202348223808001,
    "timespan_subsample": 1,
    "timespan_offset_subsample": 1,
    "start_weight": 10,
    "stop_weight": 1,
    "timespan_weight": 1,
    "timespan_offset_weight": 3,
    "colsample": 0.45611464249625533,
    "max_depth": 9,
    "early_stopping_rounds": 88,
    "lambda": 1.0924103125882216e-08,
    "alpha": 0.00012712626376309882
}