{
    "init_lr": 0.0570182672871275,
    "stop_lr": 0.04010337872391305,
    "lr_factor": 0.95,
    "start_subsample": 0.38232174949444236,
    "stop_subsample": 0.40285166142826945,
    "timespan_subsample": 1,
    "timespan_offset_subsample": 2,
    "start_weight": 9,
    "stop_weight": 1,
    "timespan_weight": 2,
    "timespan_offset_weight": 2,
    "colsample": 0.45137305768617086,
    "max_depth": 6,
    "early_stopping_rounds": 88,
    "lambda": 7.878371645695555e-06,
    "alpha": 0.40328696690518706
}