{
    "init_lr": 0.09045775031562336,
    "stop_lr": 0.011012196233641169,
    "lr_factor": 0.99,
    "start_subsample": 0.47072868383218636,
    "stop_subsample": 0.5581801846593965,
    "timespan_subsample": 3,
    "timespan_offset_subsample": 2,
    "start_weight": 3,
    "stop_weight": 1,
    "timespan_weight": 3,
    "timespan_offset_weight": 2,
    "colsample": 0.8840642932955081,
    "max_depth": 9,
    "early_stopping_rounds": 51,
    "lambda": 2.278851047272364e-06,
    "alpha": 3.987960372452249e-05
}