{
    "patience": 9,
    "lr": 0.0016563939691412323,
    "lr_wdecay": 0.024527232108462166,
    "hidden_dim": 32,
    "dropout": 0.07528413577513893,
    "n_layers": 2
}