{
    "patience": 80,
    "lr": 0.014055894571373706,
    "lr_wdecay": 0.0027254654301179003,
    "hidden_dim": 128,
    "dropout": 0.612434421212295,
    "n_layers": 2
}