{
    "patience": 93,
    "lr": 0.001249190129048581,
    "lr_wdecay": 0.01826155868602769,
    "hidden_dim": 265,
    "dropout": 0.6643238109498849,
    "n_layers": 3
}