{
    "patience": 79,
    "lr": 0.03469039646537049,
    "lr_wdecay": 0.009844382155704049,
    "hidden_dim": 265,
    "dropout": 0.8125469450479539,
    "n_layers": 3
}