{
    "tree_size": 58,
    "memory_par": 0.35293016494622437,
    "lin_trim_quantile": 0.6999248044293017,
    "exp_rand_tree_size": true
}