{
    "init_lr": 0.41420097976598874,
    "stop_lr": 0.30498872674691935,
    "lr_factor": 0.95,
    "start_subsample": 0.8485482117038096,
    "stop_subsample": 0.9824837218991654,
    "timespan_subsample": 3,
    "timespan_offset_subsample": 2,
    "start_weight": 4,
    "stop_weight": 1,
    "timespan_weight": 3,
    "timespan_offset_weight": 3,
    "colsample": 0.2235332192309737,
    "max_depth": 13,
    "early_stopping_rounds": 83,
    "lambda": 1.0479211485694202e-07,
    "alpha": 6.675806616301157e-07
}