{
    "loss": "hinge",
    "penalty": "elasticnet",
    "l1_ratio": 0.08595666533064561,
    "alpha": 0.0004140164617866728,
    "tol": 1.3710157117999813e-06,
    "n_iter_no_change": 52
}