{
    "patience": 72,
    "lr": 0.004982869345085016,
    "lr_wdecay": 0.0156001986940055,
    "hidden_dim": 128,
    "dropout": 0.34037382535396254,
    "n_layers": 4
}