{
    "patience": 38,
    "lr": 0.029514782556290475,
    "lr_wdecay": 0.015098874410751114,
    "hidden_dim": 128,
    "dropout": 0.8266490799102143,
    "n_layers": 3
}