{
    "tree_size": 24,
    "memory_par": 5.3496307838816755,
    "lin_trim_quantile": 0.2527624484428806,
    "exp_rand_tree_size": true
}