{
    "tree_size": 9,
    "memory_par": 0.013121582028563767,
    "lin_trim_quantile": 0.08237187188415043,
    "exp_rand_tree_size": true
}