{
    "init_lr": 0.10216498197531751,
    "stop_lr": 0.02028773139619101,
    "lr_factor": 0.99,
    "start_subsample": 0.89896960962732,
    "stop_subsample": 0.9551397616563402,
    "timespan_subsample": 1,
    "timespan_offset_subsample": 2,
    "start_weight": 3,
    "stop_weight": 7,
    "timespan_weight": 1,
    "timespan_offset_weight": 3,
    "colsample": 0.395270507180139,
    "max_depth": 15,
    "early_stopping_rounds": 62,
    "lambda": 3.3561131243104487e-06,
    "alpha": 2.354900574948778e-07
}