{
    "init_lr": 0.09779648445325095,
    "stop_lr": 0.033377313566301685,
    "lr_factor": 0.99,
    "start_subsample": 0.9183796584344296,
    "stop_subsample": 0.991246228735776,
    "timespan_subsample": 1,
    "timespan_offset_subsample": 2,
    "start_weight": 1,
    "stop_weight": 7,
    "timespan_weight": 3,
    "timespan_offset_weight": 2,
    "colsample": 0.5921818624476382,
    "max_depth": 14,
    "early_stopping_rounds": 96,
    "lambda": 0.08436340423753959,
    "alpha": 0.896498559388117
}