{
    "loss": "log_loss",
    "penalty": "elasticnet",
    "l1_ratio": 0.020767634055673584,
    "alpha": 0.03156707856584397,
    "tol": 1.2442207852419643e-05,
    "n_iter_no_change": 57
}