{
    "patience": 78,
    "lr": 0.001007335431783999,
    "lr_wdecay": 0.019724227322858626,
    "hidden_dim": 128,
    "dropout": 0.04073481633954753,
    "n_layers": 2
}