{
    "patience": 98,
    "lr": 0.001411832021712661,
    "lr_wdecay": 0.0026080323203519886,
    "hidden_dim": 265,
    "dropout": 0.6051118130965146,
    "n_layers": 3
}