{
    "patience": 55,
    "lr": 0.025110397947443536,
    "lr_wdecay": 0.007206920733363022,
    "hidden_dim": 128,
    "dropout": 0.37284199718769984,
    "n_layers": 4
}