{
    "patience": 88,
    "lr": 0.03265389871310692,
    "lr_wdecay": 0.00631697833566367,
    "hidden_dim": 32,
    "dropout": 0.35138188017328764,
    "n_layers": 3
}