{
    "loss": "huber",
    "epsilon": 0.01040877485620126,
    "penalty": "elasticnet",
    "l1_ratio": 0.5307726789342935,
    "alpha": 0.00019683359910022672,
    "tol": 0.00012157405081505815,
    "n_iter_no_change": 88
}