{
    "tree_size": 19,
    "memory_par": 0.00892795743725815,
    "lin_trim_quantile": 0.6401168547867369,
    "exp_rand_tree_size": true
}