{
    "loss": "squared_hinge",
    "penalty": "elasticnet",
    "l1_ratio": 0.4582616000013428,
    "alpha": 1.1079458964848381e-06,
    "tol": 0.023974383046772886,
    "n_iter_no_change": 20
}