{
    "init_lr": 0.044573776315606266,
    "stop_lr": 0.007457845809922901,
    "lr_factor": 1,
    "start_subsample": 0.32785106644604883,
    "stop_subsample": 0.4863550671230123,
    "timespan_subsample": 2,
    "timespan_offset_subsample": 2,
    "start_weight": 5,
    "stop_weight": 1,
    "timespan_weight": 1,
    "timespan_offset_weight": 1,
    "colsample": 0.88699680837191,
    "max_depth": 1,
    "early_stopping_rounds": 28,
    "lambda": 2.848667758171714e-05,
    "alpha": 0.020446910574418272
}