{
    "tree_size": 11,
    "memory_par": 0.024341808437794356,
    "lin_trim_quantile": 0.3976081144094853,
    "exp_rand_tree_size": true
}