{
    "loss": "huber",
    "epsilon": 0.07459361129329961,
    "penalty": "l2",
    "alpha": 0.08007576771928981,
    "tol": 0.0005844786676755659,
    "n_iter_no_change": 76
}