{
    "init_lr": 0.003373547758970752,
    "stop_lr": 0.0020168479780653193,
    "lr_factor": 0.99,
    "start_subsample": 0.973538488324927,
    "stop_subsample": 0.9913458219591094,
    "timespan_subsample": 1,
    "timespan_offset_subsample": 3,
    "start_weight": 6,
    "stop_weight": 1,
    "timespan_weight": 2,
    "timespan_offset_weight": 3,
    "colsample": 0.5434200794517043,
    "max_depth": 1,
    "early_stopping_rounds": 86,
    "lambda": 8.945079354511217e-07,
    "alpha": 1.6545372647479543e-06
}