{
    "patience": 91,
    "lr": 0.01780102480856186,
    "lr_wdecay": 0.012044865826923663,
    "hidden_dim": 64,
    "dropout": 0.6129799315738997,
    "n_layers": 3
}