{
    "patience": 29,
    "lr": 0.0012313170294097299,
    "lr_wdecay": 0.003694400932930225,
    "hidden_dim": 32,
    "dropout": 0.609629813445542,
    "n_layers": 3
}