{
    "loss": "modified_huber",
    "penalty": "elasticnet",
    "l1_ratio": 0.7232459674240322,
    "alpha": 3.740421964002398e-05,
    "tol": 0.022838868382978043,
    "n_iter_no_change": 100
}