{
    "init_lr": 0.08451491274910752,
    "stop_lr": 0.0049087468464302265,
    "lr_factor": 0.99,
    "start_subsample": 0.8506579490840107,
    "stop_subsample": 0.9817761913675708,
    "timespan_subsample": 1,
    "timespan_offset_subsample": 2,
    "start_weight": 1,
    "stop_weight": 9,
    "timespan_weight": 1,
    "timespan_offset_weight": 2,
    "colsample": 0.5873376588610754,
    "max_depth": 2,
    "early_stopping_rounds": 40,
    "lambda": 0.02373465090621378,
    "alpha": 0.003521268902992775
}