{
    "patience": 79,
    "lr": 0.004799922021444119,
    "lr_wdecay": 0.008999353771399463,
    "hidden_dim": 128,
    "dropout": 0.7730748452616467,
    "n_layers": 4
}