{
    "patience": 55,
    "lr": 0.0010229154307563103,
    "lr_wdecay": 0.007669793294325343,
    "hidden_dim": 64,
    "dropout": 0.5677469021098974,
    "n_layers": 3
}