{
    "init_lr": 0.37205757859920785,
    "stop_lr": 0.35727557596678583,
    "lr_factor": 0.95,
    "start_subsample": 0.9472852100323617,
    "stop_subsample": 0.9933363407170579,
    "timespan_subsample": 3,
    "timespan_offset_subsample": 2,
    "start_weight": 7,
    "stop_weight": 2,
    "timespan_weight": 2,
    "timespan_offset_weight": 3,
    "colsample": 0.6962495272415942,
    "max_depth": 3,
    "early_stopping_rounds": 84,
    "lambda": 1.3375278202651198e-05,
    "alpha": 1.9923196660043948e-06
}