{
    "patience": 69,
    "lr": 0.0010380593820488837,
    "lr_wdecay": 1.9274933230247968e-05,
    "hidden_dim": 128,
    "dropout": 0.6571863428622258,
    "n_layers": 3
}