{
    "patience": 53,
    "lr": 0.004780303435654942,
    "lr_wdecay": 0.001259736595958026,
    "hidden_dim": 32,
    "dropout": 0.5539324358296578,
    "n_layers": 4
}