{
    "init_lr": 0.12173416398993901,
    "stop_lr": 0.035285221149539976,
    "lr_factor": 0.95,
    "start_subsample": 0.708827586022799,
    "stop_subsample": 0.7774092538147183,
    "timespan_subsample": 3,
    "timespan_offset_subsample": 2,
    "start_weight": 1,
    "stop_weight": 1,
    "timespan_weight": 1,
    "timespan_offset_weight": 1,
    "colsample": 0.4372669136232043,
    "max_depth": 2,
    "early_stopping_rounds": 85,
    "lambda": 5.959303453016949e-06,
    "alpha": 5.1493186456671564e-05
}