{
    "tree_size": 40,
    "memory_par": 0.008246616587569781,
    "lin_trim_quantile": 0.2802578781356737,
    "exp_rand_tree_size": true
}