{
    "loss": "hinge",
    "penalty": "elasticnet",
    "l1_ratio": 0.39566171200878225,
    "alpha": 9.436147733246491e-06,
    "tol": 1.0361536285024562e-06,
    "n_iter_no_change": 51
}