{
    "loss": "huber",
    "epsilon": 2.06563612447493,
    "penalty": "l2",
    "alpha": 1.5636238647610465,
    "tol": 2.244869340523075e-05,
    "n_iter_no_change": 73
}