{
    "init_lr": 0.14482785679892146,
    "stop_lr": 0.020171136600883842,
    "lr_factor": 0.99,
    "start_subsample": 0.6491640450180698,
    "stop_subsample": 0.8981626721341942,
    "timespan_subsample": 3,
    "timespan_offset_subsample": 1,
    "start_weight": 1,
    "stop_weight": 1,
    "timespan_weight": 1,
    "timespan_offset_weight": 1,
    "colsample": 0.4621850128850471,
    "max_depth": 15,
    "early_stopping_rounds": 66,
    "lambda": 0.03018247202815098,
    "alpha": 1.2906259610312534e-06
}