{
    "init_lr": 0.52384203899506,
    "stop_lr": 0.20872370677417895,
    "lr_factor": 0.95,
    "start_subsample": 0.411188119925627,
    "stop_subsample": 0.6848395918208842,
    "timespan_subsample": 3,
    "timespan_offset_subsample": 1,
    "start_weight": 5,
    "stop_weight": 1,
    "timespan_weight": 3,
    "timespan_offset_weight": 2,
    "colsample": 0.25785411287064597,
    "max_depth": 10,
    "early_stopping_rounds": 90,
    "lambda": 7.102008906128801e-06,
    "alpha": 0.00021472955786991146
}