{
    "loss": "perceptron",
    "penalty": "elasticnet",
    "l1_ratio": 0.42638434311389317,
    "alpha": 1.6315804492844282e-05,
    "tol": 0.09991429563407014,
    "n_iter_no_change": 47
}