{
    "patience": 27,
    "lr": 0.004534405209750029,
    "lr_wdecay": 0.06487765458210136,
    "hidden_dim": 128,
    "dropout": 0.6742079396884033,
    "n_layers": 2
}