{
    "patience": 57,
    "lr": 0.004299092106580721,
    "lr_wdecay": 0.09594579277271344,
    "hidden_dim": 64,
    "dropout": 0.6544851606005018,
    "n_layers": 2
}