{
    "loss": "huber",
    "epsilon": 0.09702421653313151,
    "penalty": "l2",
    "alpha": 0.0035576597285465164,
    "tol": 2.5797616264304934e-05,
    "n_iter_no_change": 84
}