{
    "tree_size": 77,
    "memory_par": 0.00564660116555413,
    "lin_trim_quantile": 0.4648679053098542,
    "exp_rand_tree_size": true
}