{
    "init_lr": 0.008131643906362507,
    "stop_lr": 0.0034135740026396333,
    "lr_factor": 1,
    "start_subsample": 0.24340110796773837,
    "stop_subsample": 0.39031054071551013,
    "timespan_subsample": 2,
    "timespan_offset_subsample": 1,
    "start_weight": 6,
    "stop_weight": 1,
    "timespan_weight": 3,
    "timespan_offset_weight": 2,
    "colsample": 0.5305208616372032,
    "max_depth": 10,
    "early_stopping_rounds": 63,
    "lambda": 1.0001523858127793e-08,
    "alpha": 1.717637842364637e-05
}