{
    "init_lr": 0.24611496150917683,
    "stop_lr": 0.07228725244148856,
    "lr_factor": 1,
    "start_subsample": 0.9345125725016163,
    "stop_subsample": 0.9593894682258466,
    "timespan_subsample": 2,
    "timespan_offset_subsample": 3,
    "start_weight": 1,
    "stop_weight": 1,
    "timespan_weight": 3,
    "timespan_offset_weight": 2,
    "colsample": 0.9658306621320192,
    "max_depth": 4,
    "early_stopping_rounds": 87,
    "lambda": 0.0003188915529917228,
    "alpha": 3.48631851964503e-05
}