{
    "loss": "epsilon_insensitive",
    "epsilon": 0.011418447041503488,
    "penalty": "l2",
    "alpha": 0.3355275774516383,
    "tol": 0.004634546068680104,
    "n_iter_no_change": 91
}