{
    "patience": 96,
    "lr": 0.05782195199874738,
    "lr_wdecay": 0.03649690952211246,
    "hidden_dim": 32,
    "dropout": 0.15059971410360368,
    "n_layers": 3
}