{
    "patience": 60,
    "lr": 0.0034348790825379687,
    "lr_wdecay": 0.054803918877122264,
    "hidden_dim": 64,
    "dropout": 0.5270729404713086,
    "n_layers": 4
}