{
    "tree_size": 28,
    "memory_par": 0.07020869746661798,
    "lin_trim_quantile": 0.2776936734048544,
    "exp_rand_tree_size": true
}