{
    "init_lr": 0.12691906646625167,
    "stop_lr": 0.03218397349985728,
    "lr_factor": 0.99,
    "start_subsample": 0.8162867485408714,
    "stop_subsample": 0.9950395975929434,
    "timespan_subsample": 1,
    "timespan_offset_subsample": 2,
    "start_weight": 1,
    "stop_weight": 6,
    "timespan_weight": 1,
    "timespan_offset_weight": 2,
    "colsample": 0.332105614747943,
    "max_depth": 14,
    "early_stopping_rounds": 30,
    "lambda": 0.00023891589527885482,
    "alpha": 6.586210635371532e-07
}