{
    "patience": 35,
    "lr": 0.005810737485620386,
    "lr_wdecay": 0.0034797392295657058,
    "hidden_dim": 265,
    "dropout": 0.7586453226777318,
    "n_layers": 3
}