{
    "patience": 97,
    "lr": 0.0010642447766442352,
    "lr_wdecay": 0.011116860621511637,
    "hidden_dim": 64,
    "dropout": 0.688098085015453,
    "n_layers": 4
}