{
    "init_lr": 0.05534013896906438,
    "stop_lr": 0.02256773826600641,
    "lr_factor": 0.99,
    "start_subsample": 0.5641486920686621,
    "stop_subsample": 0.8528500014482358,
    "timespan_subsample": 3,
    "timespan_offset_subsample": 3,
    "start_weight": 1,
    "stop_weight": 10,
    "timespan_weight": 2,
    "timespan_offset_weight": 3,
    "colsample": 0.4444744574619181,
    "max_depth": 9,
    "early_stopping_rounds": 22,
    "lambda": 0.0150994315697326,
    "alpha": 2.3338201879906436e-06
}