{
    "init_lr": 0.4274127056056359,
    "stop_lr": 0.13522689728550016,
    "lr_factor": 1,
    "start_subsample": 0.9259088708208725,
    "stop_subsample": 0.9898653750808434,
    "timespan_subsample": 2,
    "timespan_offset_subsample": 1,
    "start_weight": 10,
    "stop_weight": 1,
    "timespan_weight": 2,
    "timespan_offset_weight": 2,
    "colsample": 0.41761624475010295,
    "max_depth": 3,
    "early_stopping_rounds": 94,
    "lambda": 2.3150508852438068e-08,
    "alpha": 4.330467995975448e-06
}