{
    "init_lr": 0.006237889688395087,
    "stop_lr": 0.0014797797266242326,
    "lr_factor": 1,
    "start_subsample": 0.7855289753748583,
    "stop_subsample": 0.881327946896607,
    "timespan_subsample": 1,
    "timespan_offset_subsample": 3,
    "start_weight": 6,
    "stop_weight": 2,
    "timespan_weight": 2,
    "timespan_offset_weight": 3,
    "colsample": 0.5343901770007641,
    "max_depth": 9,
    "early_stopping_rounds": 86,
    "lambda": 0.0012698260266095986,
    "alpha": 6.935567273361791e-08
}