{
    "tree_size": 48,
    "memory_par": 0.0023346434365984748,
    "lin_trim_quantile": 0.6222668352935634,
    "exp_rand_tree_size": true
}