{
    "init_lr": 0.10123680380033025,
    "stop_lr": 0.06582854847233574,
    "lr_factor": 0.99,
    "start_subsample": 0.8248969172256406,
    "stop_subsample": 0.9566169103893268,
    "timespan_subsample": 2,
    "timespan_offset_subsample": 3,
    "start_weight": 10,
    "stop_weight": 7,
    "timespan_weight": 3,
    "timespan_offset_weight": 3,
    "colsample": 0.3279744523087729,
    "max_depth": 11,
    "early_stopping_rounds": 49,
    "lambda": 0.06547893026049371,
    "alpha": 3.040761629622508e-06
}