{
    "init_lr": 0.9137921164622768,
    "stop_lr": 0.827145733236553,
    "lr_factor": 0.99,
    "start_subsample": 0.9544046620319545,
    "stop_subsample": 0.9950878314765143,
    "timespan_subsample": 2,
    "timespan_offset_subsample": 3,
    "start_weight": 3,
    "stop_weight": 5,
    "timespan_weight": 2,
    "timespan_offset_weight": 1,
    "colsample": 0.562572752195024,
    "max_depth": 1,
    "early_stopping_rounds": 49,
    "lambda": 3.9609766898978004e-05,
    "alpha": 8.373506703052449e-05
}