{
    "init_lr": 0.04803702942070333,
    "stop_lr": 0.04049230973057648,
    "lr_factor": 0.95,
    "start_subsample": 0.16812720544013238,
    "stop_subsample": 0.5928340091631729,
    "timespan_subsample": 1,
    "timespan_offset_subsample": 2,
    "start_weight": 10,
    "stop_weight": 1,
    "timespan_weight": 3,
    "timespan_offset_weight": 3,
    "colsample": 0.5950440302236153,
    "max_depth": 15,
    "early_stopping_rounds": 79,
    "lambda": 8.19231109576577e-05,
    "alpha": 3.5975044991282544e-05
}