{
    "patience": 96,
    "lr": 0.0034935497556187706,
    "lr_wdecay": 0.014510252868838055,
    "hidden_dim": 64,
    "dropout": 0.5456159713274027,
    "n_layers": 2
}