{
    "patience": 32,
    "lr": 0.13544983451211695,
    "lr_wdecay": 0.013953328048780547,
    "hidden_dim": 32,
    "dropout": 0.25523223754079183,
    "n_layers": 4
}