{
    "loss": "huber",
    "epsilon": 0.3359055451155351,
    "penalty": "l2",
    "alpha": 0.0002793186536784667,
    "tol": 0.0001643637115511781,
    "n_iter_no_change": 93
}