{
    "tree_size": 14,
    "memory_par": 0.006834500585253971,
    "lin_trim_quantile": 0.999283492535578,
    "exp_rand_tree_size": true
}