{
    "loss": "huber",
    "epsilon": 0.012452429319221926,
    "penalty": "l2",
    "alpha": 0.0006226560087961098,
    "tol": 1.122684868028756e-06,
    "n_iter_no_change": 45
}