{
    "tree_size": 47,
    "memory_par": 0.00149612276137365,
    "lin_trim_quantile": 0.14723614671911545,
    "exp_rand_tree_size": true
}