{
    "init_lr": 0.05354725659956073,
    "stop_lr": 0.004856796111066919,
    "lr_factor": 0.99,
    "start_subsample": 0.6588658498196174,
    "stop_subsample": 0.776082881948831,
    "timespan_subsample": 1,
    "timespan_offset_subsample": 2,
    "start_weight": 6,
    "stop_weight": 1,
    "timespan_weight": 1,
    "timespan_offset_weight": 3,
    "colsample": 0.7087342234074036,
    "max_depth": 13,
    "early_stopping_rounds": 44,
    "lambda": 1.1977127487830652e-07,
    "alpha": 0.2039182732515178
}