{
    "patience": 100,
    "lr": 0.002276973277793303,
    "lr_wdecay": 0.0014330479040990487,
    "hidden_dim": 265,
    "dropout": 0.38988105009056806,
    "n_layers": 3
}