{
    "patience": 19,
    "lr": 0.010023573928655214,
    "lr_wdecay": 0.000860705113100324,
    "hidden_dim": 32,
    "dropout": 0.648458824079017,
    "n_layers": 2
}