{
    "init_lr": 0.14926911055108846,
    "stop_lr": 0.06243075110217619,
    "lr_factor": 0.95,
    "start_subsample": 0.3496824443562059,
    "stop_subsample": 0.5728830808352658,
    "timespan_subsample": 3,
    "timespan_offset_subsample": 2,
    "start_weight": 8,
    "stop_weight": 1,
    "timespan_weight": 1,
    "timespan_offset_weight": 2,
    "colsample": 0.8009799326580824,
    "max_depth": 2,
    "early_stopping_rounds": 28,
    "lambda": 0.009207825155661209,
    "alpha": 4.4248869969985645e-07
}