{
    "tree_size": 68,
    "memory_par": 0.0014668776455839198,
    "lin_trim_quantile": 0.029877077627575202,
    "exp_rand_tree_size": true
}