{
    "patience": 30,
    "lr": 0.026547040051806782,
    "lr_wdecay": 0.03617132854368167,
    "hidden_dim": 128,
    "dropout": 0.4927961746715146,
    "n_layers": 4
}