{
    "patience": 40,
    "lr": 0.0010054078274604984,
    "lr_wdecay": 0.062055509636488385,
    "hidden_dim": 32,
    "dropout": 0.0408041484472627,
    "n_layers": 3
}