{
    "patience": 93,
    "lr": 0.0016911381803461243,
    "lr_wdecay": 0.030270522637387845,
    "hidden_dim": 128,
    "dropout": 0.2223650659994043,
    "n_layers": 2
}