{
    "patience": 47,
    "lr": 0.14272878083381643,
    "lr_wdecay": 0.00025505649651228,
    "hidden_dim": 265,
    "dropout": 0.3850447562498073,
    "n_layers": 2
}