{
    "loss": "modified_huber",
    "penalty": "elasticnet",
    "l1_ratio": 0.34785062472657824,
    "alpha": 6.498544427472348e-06,
    "tol": 0.0013544251376886088,
    "n_iter_no_change": 49
}