{
    "init_lr": 0.03726821027325078,
    "stop_lr": 0.020417436609489453,
    "lr_factor": 0.95,
    "start_subsample": 0.42506904723636163,
    "stop_subsample": 0.9455677914570314,
    "timespan_subsample": 1,
    "timespan_offset_subsample": 3,
    "start_weight": 1,
    "stop_weight": 1,
    "timespan_weight": 1,
    "timespan_offset_weight": 3,
    "colsample": 0.26723089184886567,
    "max_depth": 9,
    "early_stopping_rounds": 76,
    "lambda": 0.0001697599243626379,
    "alpha": 0.00767057024106195
}