{
    "patience": 43,
    "lr": 0.004453870383219987,
    "lr_wdecay": 0.02384334589520061,
    "hidden_dim": 128,
    "dropout": 0.7291026692319,
    "n_layers": 4
}