{
    "patience": 43,
    "lr": 0.013733781717026302,
    "lr_wdecay": 0.0073032679047417455,
    "hidden_dim": 265,
    "dropout": 0.6656466650231797,
    "n_layers": 3
}