{
    "init_lr": 0.05043383072090598,
    "stop_lr": 0.028050560556748906,
    "lr_factor": 0.95,
    "start_subsample": 0.12599700306935538,
    "stop_subsample": 0.5420126292787238,
    "timespan_subsample": 3,
    "timespan_offset_subsample": 3,
    "start_weight": 10,
    "stop_weight": 1,
    "timespan_weight": 3,
    "timespan_offset_weight": 2,
    "colsample": 0.507584101121157,
    "max_depth": 6,
    "early_stopping_rounds": 57,
    "lambda": 0.00012126069056663055,
    "alpha": 1.264238961873013e-07
}