{
    "loss": "squared_hinge",
    "penalty": "elasticnet",
    "l1_ratio": 0.9884103859796929,
    "alpha": 1.039038204956101e-06,
    "tol": 0.08824487866446863,
    "n_iter_no_change": 90
}