{
    "init_lr": 0.17669147010056802,
    "stop_lr": 0.1620552027255373,
    "lr_factor": 0.95,
    "start_subsample": 0.930152884816612,
    "stop_subsample": 0.9987072229692532,
    "timespan_subsample": 2,
    "timespan_offset_subsample": 1,
    "start_weight": 10,
    "stop_weight": 2,
    "timespan_weight": 3,
    "timespan_offset_weight": 3,
    "colsample": 0.4150882626034789,
    "max_depth": 12,
    "early_stopping_rounds": 49,
    "lambda": 1.062242704588344e-08,
    "alpha": 0.26598417861763396
}