{
    "init_lr": 0.1102123453588286,
    "stop_lr": 0.04607859379272993,
    "lr_factor": 0.95,
    "start_subsample": 0.6704313235452349,
    "stop_subsample": 0.6990290438797641,
    "timespan_subsample": 2,
    "timespan_offset_subsample": 1,
    "start_weight": 1,
    "stop_weight": 2,
    "timespan_weight": 1,
    "timespan_offset_weight": 1,
    "colsample": 0.47470969035748967,
    "max_depth": 1,
    "early_stopping_rounds": 34,
    "lambda": 0.0001881487100162628,
    "alpha": 3.6815433448725226e-06
}