{
    "init_lr": 0.01999630573353641,
    "stop_lr": 0.0015660857462199192,
    "lr_factor": 0.95,
    "start_subsample": 0.8244323540467511,
    "stop_subsample": 0.8640153759250556,
    "timespan_subsample": 2,
    "timespan_offset_subsample": 1,
    "start_weight": 4,
    "stop_weight": 1,
    "timespan_weight": 2,
    "timespan_offset_weight": 3,
    "colsample": 0.5696885325306528,
    "max_depth": 10,
    "early_stopping_rounds": 85,
    "lambda": 6.806552176810686e-07,
    "alpha": 0.00045294030546259216
}