{
    "patience": 45,
    "lr": 0.011250892213926209,
    "lr_wdecay": 0.004214930828998619,
    "hidden_dim": 32,
    "dropout": 0.7698716070247877,
    "n_layers": 2
}