{
    "patience": 48,
    "lr": 0.0027766781355882584,
    "lr_wdecay": 0.0344368881794879,
    "hidden_dim": 64,
    "dropout": 0.39764975909110967,
    "n_layers": 3
}