{
    "loss": "huber",
    "epsilon": 0.08160189219226455,
    "penalty": "l2",
    "alpha": 0.1851794649412594,
    "tol": 0.0016640752642018341,
    "n_iter_no_change": 47
}