{
    "patience": 0,
    "lr": 0.010725218911417653,
    "lr_wdecay": 0.00023272027477286988,
    "hidden_dim": 64,
    "dropout": 0.24001855700230454,
    "n_layers": 2
}