{
    "patience": 38,
    "lr": 0.003415783097459848,
    "lr_wdecay": 0.001800587240932545,
    "hidden_dim": 265,
    "dropout": 0.030839386915076164,
    "n_layers": 2
}