{
    "tree_size": 33,
    "memory_par": 0.00404115889938332,
    "lin_trim_quantile": 0.9392240083855878,
    "exp_rand_tree_size": false
}