{
    "init_lr": 0.019291538745031978,
    "stop_lr": 0.015505425670301776,
    "lr_factor": 1,
    "start_subsample": 0.944614257455002,
    "stop_subsample": 0.9671765884291709,
    "timespan_subsample": 2,
    "timespan_offset_subsample": 2,
    "start_weight": 10,
    "stop_weight": 1,
    "timespan_weight": 1,
    "timespan_offset_weight": 2,
    "colsample": 0.680009802620167,
    "max_depth": 2,
    "early_stopping_rounds": 40,
    "lambda": 1.0063720333608231e-08,
    "alpha": 1.8333758681616154e-08
}