{
    "tree_size": 79,
    "memory_par": 0.004902879782546597,
    "lin_trim_quantile": 0.8251633895371574,
    "exp_rand_tree_size": true
}