{
    "init_lr": 0.11240223396893302,
    "stop_lr": 0.008397699680424862,
    "lr_factor": 1,
    "start_subsample": 0.8071697805298189,
    "stop_subsample": 0.9512576108425653,
    "timespan_subsample": 2,
    "timespan_offset_subsample": 2,
    "start_weight": 8,
    "stop_weight": 2,
    "timespan_weight": 1,
    "timespan_offset_weight": 3,
    "colsample": 0.23312541909985549,
    "max_depth": 3,
    "early_stopping_rounds": 93,
    "lambda": 0.0006206516985247457,
    "alpha": 0.05031939873522376
}