{
    "tree_size": 6,
    "memory_par": 0.002039843472784835,
    "lin_trim_quantile": 0.649991036732487,
    "exp_rand_tree_size": true
}