{
    "loss": "squared_hinge",
    "penalty": "elasticnet",
    "l1_ratio": 0.669496919207712,
    "alpha": 7.170289697078442e-05,
    "tol": 0.00018414340724653354,
    "n_iter_no_change": 62
}