{
    "init_lr": 0.17494290790063374,
    "stop_lr": 0.14017016465899476,
    "lr_factor": 0.95,
    "start_subsample": 0.46451664509792995,
    "stop_subsample": 0.5817239135848304,
    "timespan_subsample": 2,
    "timespan_offset_subsample": 1,
    "start_weight": 5,
    "stop_weight": 7,
    "timespan_weight": 2,
    "timespan_offset_weight": 2,
    "colsample": 0.7311464133689954,
    "max_depth": 1,
    "early_stopping_rounds": 53,
    "lambda": 8.638354389626561e-05,
    "alpha": 9.164575416069466e-07
}