{
    "tree_size": 8,
    "memory_par": 0.023255917857283634,
    "lin_trim_quantile": 0.24314554052138013,
    "exp_rand_tree_size": true
}