{
    "init_lr": 0.0025532720616760515,
    "stop_lr": 0.001667315878513172,
    "lr_factor": 1,
    "start_subsample": 0.9727251774796007,
    "stop_subsample": 0.9814366288457529,
    "timespan_subsample": 2,
    "timespan_offset_subsample": 2,
    "start_weight": 3,
    "stop_weight": 1,
    "timespan_weight": 2,
    "timespan_offset_weight": 3,
    "colsample": 0.38496106813009434,
    "max_depth": 14,
    "early_stopping_rounds": 30,
    "lambda": 7.411009601838052e-07,
    "alpha": 4.755215766705331e-05
}