{
    "loss": "huber",
    "epsilon": 0.042718834560375035,
    "penalty": "l1",
    "alpha": 0.0004673268424194256,
    "tol": 0.0005856301417240594,
    "n_iter_no_change": 66
}