{
    "loss": "huber",
    "epsilon": 0.014334218013575836,
    "penalty": "elasticnet",
    "l1_ratio": 0.4482342283300301,
    "alpha": 0.0006738466825650137,
    "tol": 0.002538549825282469,
    "n_iter_no_change": 88
}