{
    "init_lr": 0.10789700884021138,
    "stop_lr": 0.028354325230163978,
    "lr_factor": 0.95,
    "start_subsample": 0.6637899177451274,
    "stop_subsample": 0.8967677976654018,
    "timespan_subsample": 3,
    "timespan_offset_subsample": 2,
    "start_weight": 4,
    "stop_weight": 3,
    "timespan_weight": 2,
    "timespan_offset_weight": 3,
    "colsample": 0.7127188205501013,
    "max_depth": 9,
    "early_stopping_rounds": 50,
    "lambda": 0.014699687754242576,
    "alpha": 0.0010969052216332966
}