{
    "init_lr": 0.027244276434745657,
    "stop_lr": 0.009330252480504973,
    "lr_factor": 1,
    "start_subsample": 0.9283158526250053,
    "stop_subsample": 0.9879310294221101,
    "timespan_subsample": 1,
    "timespan_offset_subsample": 3,
    "start_weight": 1,
    "stop_weight": 4,
    "timespan_weight": 2,
    "timespan_offset_weight": 3,
    "colsample": 0.2454960381862825,
    "max_depth": 14,
    "early_stopping_rounds": 78,
    "lambda": 0.00035777861356821376,
    "alpha": 0.007433270575273933
}