{
    "patience": 68,
    "lr": 0.018327207289358195,
    "lr_wdecay": 0.002736232013048294,
    "hidden_dim": 32,
    "dropout": 0.5678345847852944,
    "n_layers": 3
}