{
    "patience": 23,
    "lr": 0.004947657291445328,
    "lr_wdecay": 0.026780182036931888,
    "hidden_dim": 128,
    "dropout": 0.8405115929003857,
    "n_layers": 2
}