{
    "loss": "huber",
    "epsilon": 0.3020326261613923,
    "penalty": "l2",
    "alpha": 0.41889235231484817,
    "tol": 0.004450915803014491,
    "n_iter_no_change": 36
}