{
    "init_lr": 0.01764196778491625,
    "stop_lr": 0.013883831034093127,
    "lr_factor": 0.95,
    "start_subsample": 0.20265963478385593,
    "stop_subsample": 0.7773867862530233,
    "timespan_subsample": 2,
    "timespan_offset_subsample": 2,
    "start_weight": 7,
    "stop_weight": 1,
    "timespan_weight": 2,
    "timespan_offset_weight": 2,
    "colsample": 0.4446849484093894,
    "max_depth": 12,
    "early_stopping_rounds": 28,
    "lambda": 2.2306351571485746e-05,
    "alpha": 5.6951473362820515e-08
}