{
    "loss": "huber",
    "epsilon": 0.029847027274644323,
    "penalty": "l2",
    "alpha": 0.006739310638402675,
    "tol": 7.5694487511098104e-06,
    "n_iter_no_change": 66
}