{
    "loss": "modified_huber",
    "penalty": "elasticnet",
    "l1_ratio": 0.32407305947431986,
    "alpha": 0.0090607424477524,
    "tol": 0.08671480744012859,
    "n_iter_no_change": 75
}