{
    "init_lr": 0.05335440890343676,
    "stop_lr": 0.01727389928445112,
    "lr_factor": 0.95,
    "start_subsample": 0.9399024239889207,
    "stop_subsample": 0.9866657375093545,
    "timespan_subsample": 2,
    "timespan_offset_subsample": 3,
    "start_weight": 8,
    "stop_weight": 1,
    "timespan_weight": 2,
    "timespan_offset_weight": 1,
    "colsample": 0.7155405244520014,
    "max_depth": 7,
    "early_stopping_rounds": 37,
    "lambda": 0.12217329129511298,
    "alpha": 0.0392399941104798
}