{
    "tree_size": 71,
    "memory_par": 0.002291197264331775,
    "lin_trim_quantile": 0.3708410155267512,
    "exp_rand_tree_size": false
}