{
    "init_lr": 0.14239503224707642,
    "stop_lr": 0.03427558198136706,
    "lr_factor": 0.95,
    "start_subsample": 0.6918484418571661,
    "stop_subsample": 0.8092501575477147,
    "timespan_subsample": 2,
    "timespan_offset_subsample": 2,
    "start_weight": 6,
    "stop_weight": 6,
    "timespan_weight": 2,
    "timespan_offset_weight": 1,
    "colsample": 0.5974659053891682,
    "max_depth": 1,
    "early_stopping_rounds": 46,
    "lambda": 2.7635982845742255e-06,
    "alpha": 5.064688716899737e-06
}