{
    "tree_size": 7,
    "memory_par": 0.0011548520266311275,
    "lin_trim_quantile": 0.6084860425941123,
    "exp_rand_tree_size": true
}