{
    "loss": "perceptron",
    "penalty": "elasticnet",
    "l1_ratio": 0.4904149615423146,
    "alpha": 1.4130344024938263e-06,
    "tol": 7.102280508648244e-05,
    "n_iter_no_change": 17
}