{
    "init_lr": 0.06279703437496217,
    "stop_lr": 0.005308757940642651,
    "lr_factor": 0.99,
    "start_subsample": 0.9375655870771309,
    "stop_subsample": 0.9600676829174899,
    "timespan_subsample": 1,
    "timespan_offset_subsample": 1,
    "start_weight": 7,
    "stop_weight": 1,
    "timespan_weight": 3,
    "timespan_offset_weight": 2,
    "colsample": 0.2924291632715418,
    "max_depth": 6,
    "early_stopping_rounds": 87,
    "lambda": 1.414054823731447e-06,
    "alpha": 0.0020953087003881187
}