{
    "patience": 58,
    "lr": 0.11135733367788078,
    "lr_wdecay": 0.005140757327334403,
    "hidden_dim": 128,
    "dropout": 0.49053700753418683,
    "n_layers": 4
}