{
    "patience": 46,
    "lr": 0.01505727417763259,
    "lr_wdecay": 0.011528457887716413,
    "hidden_dim": 32,
    "dropout": 0.31313903010890975,
    "n_layers": 4
}