{
    "patience": 35,
    "lr": 0.014833242491829012,
    "lr_wdecay": 0.0025739176132288963,
    "hidden_dim": 265,
    "dropout": 0.7260676161384392,
    "n_layers": 2
}