{
    "patience": 26,
    "lr": 0.0015665152472273483,
    "lr_wdecay": 7.217615129155672e-05,
    "hidden_dim": 64,
    "dropout": 0.2245039457300011,
    "n_layers": 2
}