{
    "init_lr": 0.29447125746141384,
    "stop_lr": 0.17822266083310973,
    "lr_factor": 1,
    "start_subsample": 0.8989021921839088,
    "stop_subsample": 0.9078092403231879,
    "timespan_subsample": 3,
    "timespan_offset_subsample": 3,
    "start_weight": 1,
    "stop_weight": 10,
    "timespan_weight": 3,
    "timespan_offset_weight": 3,
    "colsample": 0.3318261398966165,
    "max_depth": 4,
    "early_stopping_rounds": 92,
    "lambda": 0.06699281386029105,
    "alpha": 0.09707186701309962
}