{
    "init_lr": 0.15983902915966317,
    "stop_lr": 0.10791325128201984,
    "lr_factor": 1,
    "start_subsample": 0.18574020979166594,
    "stop_subsample": 0.6005928231215509,
    "timespan_subsample": 1,
    "timespan_offset_subsample": 3,
    "start_weight": 3,
    "stop_weight": 4,
    "timespan_weight": 2,
    "timespan_offset_weight": 2,
    "colsample": 0.6542691933492892,
    "max_depth": 3,
    "early_stopping_rounds": 45,
    "lambda": 1.3678095150936541e-05,
    "alpha": 0.0007322488465378536
}