{
    "tree_size": 49,
    "memory_par": 0.011576609040451817,
    "lin_trim_quantile": 0.14560532837757004,
    "exp_rand_tree_size": false
}