{
    "patience": 65,
    "lr": 0.019092077190473216,
    "lr_wdecay": 0.0032466679826987574,
    "hidden_dim": 128,
    "dropout": 0.515567723610524,
    "n_layers": 2
}