{
    "patience": 25,
    "lr": 0.01302864703342768,
    "lr_wdecay": 0.03909727154916874,
    "hidden_dim": 32,
    "dropout": 0.36995196145669845,
    "n_layers": 2
}