{
    "patience": 14,
    "lr": 0.004439978014423977,
    "lr_wdecay": 0.013090814548083822,
    "hidden_dim": 128,
    "dropout": 0.0786272578612198,
    "n_layers": 4
}