{
    "patience": 55,
    "lr": 0.008713677302782052,
    "lr_wdecay": 0.002960592712859214,
    "hidden_dim": 64,
    "dropout": 0.02770784235317342,
    "n_layers": 2
}