{
    "patience": 94,
    "lr": 0.0035162544044916397,
    "lr_wdecay": 0.04167710296800954,
    "hidden_dim": 32,
    "dropout": 0.581101064274961,
    "n_layers": 2
}