{
    "loss": "modified_huber",
    "penalty": "elasticnet",
    "l1_ratio": 0.7391932976401697,
    "alpha": 5.417499741781961e-06,
    "tol": 0.00040158459807796164,
    "n_iter_no_change": 58
}