{
    "tree_size": 4,
    "memory_par": 0.29295728290140804,
    "lin_trim_quantile": 0.7570185260324012,
    "exp_rand_tree_size": true
}