{
    "init_lr": 0.234431092812251,
    "stop_lr": 0.21357940195988798,
    "lr_factor": 0.99,
    "start_subsample": 0.7209416866882721,
    "stop_subsample": 0.8462111914602,
    "timespan_subsample": 3,
    "timespan_offset_subsample": 2,
    "start_weight": 7,
    "stop_weight": 2,
    "timespan_weight": 2,
    "timespan_offset_weight": 1,
    "colsample": 0.8126001422615424,
    "max_depth": 7,
    "early_stopping_rounds": 42,
    "lambda": 0.00029132522619291584,
    "alpha": 8.314104732680907e-08
}