{
    "loss": "huber",
    "epsilon": 0.15421952344566156,
    "penalty": "l1",
    "alpha": 0.0022045556829072355,
    "tol": 0.001127044252071083,
    "n_iter_no_change": 84
}