{
    "tree_size": 2,
    "memory_par": 0.004190088419404004,
    "lin_trim_quantile": 0.803150496025363,
    "exp_rand_tree_size": true
}