{
    "patience": 54,
    "lr": 0.003980266056718931,
    "lr_wdecay": 0.07830563979813798,
    "hidden_dim": 265,
    "dropout": 0.6994345598745385,
    "n_layers": 2
}