{
    "patience": 92,
    "lr": 0.0055111599954906975,
    "lr_wdecay": 0.09771796661313285,
    "hidden_dim": 64,
    "dropout": 0.6504551049660907,
    "n_layers": 2
}