{
    "patience": 14,
    "lr": 5.769521377057881,
    "lr_wdecay": 0.007500011390505954,
    "hidden_dim": 265,
    "dropout": 0.013576332614053416,
    "n_layers": 3
}