{
    "patience": 65,
    "lr": 0.02663044696829275,
    "lr_wdecay": 0.010041225987548918,
    "hidden_dim": 64,
    "dropout": 0.2357715479625696,
    "n_layers": 3
}