{
    "patience": 41,
    "lr": 0.0475343059801083,
    "lr_wdecay": 0.0061833554268123266,
    "hidden_dim": 64,
    "dropout": 0.5725666863728639,
    "n_layers": 3
}