{
    "init_lr": 0.025684716261108187,
    "stop_lr": 0.012538582398360691,
    "lr_factor": 0.99,
    "start_subsample": 0.9418461709135955,
    "stop_subsample": 0.9788754635167431,
    "timespan_subsample": 2,
    "timespan_offset_subsample": 3,
    "start_weight": 1,
    "stop_weight": 1,
    "timespan_weight": 2,
    "timespan_offset_weight": 3,
    "colsample": 0.6101003773524754,
    "max_depth": 8,
    "early_stopping_rounds": 100,
    "lambda": 0.002743009657671925,
    "alpha": 0.395971847555184
}