{
    "loss": "huber",
    "epsilon": 0.017211101377794108,
    "penalty": "l2",
    "alpha": 0.017747012220295538,
    "tol": 8.884607551257201e-05,
    "n_iter_no_change": 18
}