{
    "init_lr": 0.7852297519099326,
    "stop_lr": 0.6939325693249612,
    "lr_factor": 1,
    "start_subsample": 0.6770917442384168,
    "stop_subsample": 0.8184577541058237,
    "timespan_subsample": 2,
    "timespan_offset_subsample": 3,
    "start_weight": 5,
    "stop_weight": 4,
    "timespan_weight": 2,
    "timespan_offset_weight": 1,
    "colsample": 0.58230659755121,
    "max_depth": 12,
    "early_stopping_rounds": 98,
    "lambda": 4.583694661373433e-08,
    "alpha": 0.00024836626841768595
}