{
    "loss": "huber",
    "epsilon": 0.1387393632203105,
    "penalty": "l2",
    "alpha": 0.12269152029883003,
    "tol": 0.0014224803351065678,
    "n_iter_no_change": 78
}