{
    "init_lr": 0.036176933683250846,
    "stop_lr": 0.004815324316479314,
    "lr_factor": 0.95,
    "start_subsample": 0.391920262709439,
    "stop_subsample": 0.8813351260474394,
    "timespan_subsample": 1,
    "timespan_offset_subsample": 1,
    "start_weight": 3,
    "stop_weight": 1,
    "timespan_weight": 3,
    "timespan_offset_weight": 3,
    "colsample": 0.7767762952570341,
    "max_depth": 15,
    "early_stopping_rounds": 87,
    "lambda": 0.12003300255765087,
    "alpha": 1.9124264176256566e-08
}