{
    "init_lr": 0.04571936981450765,
    "stop_lr": 0.04419086597544923,
    "lr_factor": 0.95,
    "start_subsample": 0.9707712211474252,
    "stop_subsample": 0.997020812921462,
    "timespan_subsample": 1,
    "timespan_offset_subsample": 2,
    "start_weight": 1,
    "stop_weight": 9,
    "timespan_weight": 3,
    "timespan_offset_weight": 3,
    "colsample": 0.4632087602937812,
    "max_depth": 6,
    "early_stopping_rounds": 91,
    "lambda": 6.1304701784939e-07,
    "alpha": 0.025457963804174675
}