{
    "loss": "squared_hinge",
    "penalty": "elasticnet",
    "l1_ratio": 0.5967615499328386,
    "alpha": 0.00019096832336296633,
    "tol": 6.0258304578243816e-05,
    "n_iter_no_change": 94
}