{
    "tree_size": 27,
    "memory_par": 46.62689610073713,
    "lin_trim_quantile": 0.17143379833875125,
    "exp_rand_tree_size": true
}