{
    "init_lr": 0.03308296856814505,
    "stop_lr": 0.014331890788013859,
    "lr_factor": 0.95,
    "start_subsample": 0.8917977463940683,
    "stop_subsample": 0.9855779013283339,
    "timespan_subsample": 2,
    "timespan_offset_subsample": 1,
    "start_weight": 1,
    "stop_weight": 1,
    "timespan_weight": 1,
    "timespan_offset_weight": 1,
    "colsample": 0.3982974605671319,
    "max_depth": 5,
    "early_stopping_rounds": 60,
    "lambda": 0.0007069908213121279,
    "alpha": 0.26641506317752894
}