{
    "loss": "modified_huber",
    "penalty": "elasticnet",
    "l1_ratio": 0.5547951316453678,
    "alpha": 0.00015111780010816764,
    "tol": 3.2162116961529884e-06,
    "n_iter_no_change": 82
}