{
    "init_lr": 0.10082400406468536,
    "stop_lr": 0.0029780457359507885,
    "lr_factor": 1,
    "start_subsample": 0.4019442049623869,
    "stop_subsample": 0.6494470232447781,
    "timespan_subsample": 2,
    "timespan_offset_subsample": 1,
    "start_weight": 5,
    "stop_weight": 1,
    "timespan_weight": 2,
    "timespan_offset_weight": 3,
    "colsample": 0.5213421938627925,
    "max_depth": 7,
    "early_stopping_rounds": 86,
    "lambda": 1.1886612298851146e-07,
    "alpha": 0.001289956042695757
}