{
    "loss": "squared_hinge",
    "penalty": "elasticnet",
    "l1_ratio": 0.407159416754645,
    "alpha": 3.0628763536048324e-06,
    "tol": 0.00038696404510318237,
    "n_iter_no_change": 48
}