{
    "loss": "perceptron",
    "penalty": "elasticnet",
    "l1_ratio": 0.5869953413485314,
    "alpha": 1.268106107960156e-06,
    "tol": 7.0065417373719405e-06,
    "n_iter_no_change": 25
}