{
    "patience": 88,
    "lr": 0.0366030264172215,
    "lr_wdecay": 0.014657614518323002,
    "hidden_dim": 265,
    "dropout": 0.7553413488674616,
    "n_layers": 4
}