{
    "patience": 38,
    "lr": 0.0014034448135269158,
    "lr_wdecay": 0.013594898007066116,
    "hidden_dim": 265,
    "dropout": 0.7842406240825974,
    "n_layers": 3
}