{
    "init_lr": 0.854774391899948,
    "stop_lr": 0.34718217686614283,
    "lr_factor": 0.95,
    "start_subsample": 0.5361078529891474,
    "stop_subsample": 0.8234850436435479,
    "timespan_subsample": 3,
    "timespan_offset_subsample": 2,
    "start_weight": 6,
    "stop_weight": 1,
    "timespan_weight": 2,
    "timespan_offset_weight": 3,
    "colsample": 0.9002845291584597,
    "max_depth": 10,
    "early_stopping_rounds": 51,
    "lambda": 5.9230966331096996e-05,
    "alpha": 0.13471534142530278
}