{
    "patience": 84,
    "lr": 0.009723935430036372,
    "lr_wdecay": 0.018543959100958636,
    "hidden_dim": 128,
    "dropout": 0.5373989148043639,
    "n_layers": 2
}