{
    "patience": 94,
    "lr": 0.0028747451274543376,
    "lr_wdecay": 0.008328405775337297,
    "hidden_dim": 265,
    "dropout": 0.6848592686102103,
    "n_layers": 2
}