{
    "tree_size": 65,
    "memory_par": 0.0010990906025259315,
    "lin_trim_quantile": 0.40409695556709757,
    "exp_rand_tree_size": true
}