{
    "init_lr": 0.03144813009772923,
    "stop_lr": 0.015419232592483699,
    "lr_factor": 1,
    "start_subsample": 0.6489682872402522,
    "stop_subsample": 0.7167093886795891,
    "timespan_subsample": 3,
    "timespan_offset_subsample": 1,
    "start_weight": 1,
    "stop_weight": 10,
    "timespan_weight": 3,
    "timespan_offset_weight": 3,
    "colsample": 0.49793938784475644,
    "max_depth": 10,
    "early_stopping_rounds": 22,
    "lambda": 1.0818843357106011e-07,
    "alpha": 0.05934389581657071
}