{
    "patience": 46,
    "lr": 0.010135728400017056,
    "lr_wdecay": 0.012728834588627974,
    "hidden_dim": 265,
    "dropout": 0.45662529509890165,
    "n_layers": 3
}