{
    "patience": 92,
    "lr": 0.043163048001924546,
    "lr_wdecay": 0.010729598779607715,
    "hidden_dim": 32,
    "dropout": 0.1737336271526192,
    "n_layers": 3
}