{
    "patience": 48,
    "lr": 0.0024084540721825416,
    "lr_wdecay": 0.0020044384937304835,
    "hidden_dim": 265,
    "dropout": 0.7015090723576004,
    "n_layers": 3
}