{
    "patience": 54,
    "lr": 0.025878722352350003,
    "lr_wdecay": 0.0008552354097516391,
    "hidden_dim": 32,
    "dropout": 0.570004776307749,
    "n_layers": 2
}