{
    "init_lr": 0.23161082202847325,
    "stop_lr": 0.016546338422694554,
    "lr_factor": 0.99,
    "start_subsample": 0.7524353090333618,
    "stop_subsample": 0.852076496717073,
    "timespan_subsample": 3,
    "timespan_offset_subsample": 3,
    "start_weight": 1,
    "stop_weight": 1,
    "timespan_weight": 3,
    "timespan_offset_weight": 3,
    "colsample": 0.4489648568812554,
    "max_depth": 2,
    "early_stopping_rounds": 92,
    "lambda": 5.041296613746119e-06,
    "alpha": 0.0997764921359199
}