{
    "loss": "modified_huber",
    "penalty": "elasticnet",
    "l1_ratio": 0.9506798782765371,
    "alpha": 4.389657932604581e-05,
    "tol": 1.0906820292937772e-06,
    "n_iter_no_change": 31
}