{
    "init_lr": 0.18919904152934514,
    "stop_lr": 0.10067535342200101,
    "lr_factor": 1,
    "start_subsample": 0.8225416060967399,
    "stop_subsample": 0.8331897557237479,
    "timespan_subsample": 3,
    "timespan_offset_subsample": 1,
    "start_weight": 8,
    "stop_weight": 1,
    "timespan_weight": 1,
    "timespan_offset_weight": 2,
    "colsample": 0.3966433424825465,
    "max_depth": 4,
    "early_stopping_rounds": 58,
    "lambda": 0.007871996199696283,
    "alpha": 0.0010238831006260114
}