{
    "init_lr": 0.532701149042885,
    "stop_lr": 0.20731827106988363,
    "lr_factor": 1,
    "start_subsample": 0.9047052703096672,
    "stop_subsample": 0.950412976904757,
    "timespan_subsample": 1,
    "timespan_offset_subsample": 1,
    "start_weight": 8,
    "stop_weight": 2,
    "timespan_weight": 2,
    "timespan_offset_weight": 3,
    "colsample": 0.320509982522962,
    "max_depth": 10,
    "early_stopping_rounds": 84,
    "lambda": 1.0706217464419765e-05,
    "alpha": 8.100375381757793e-08
}