{
    "loss": "epsilon_insensitive",
    "epsilon": 0.01634442437203304,
    "penalty": "l2",
    "alpha": 9.86099386068649,
    "tol": 8.35294050184497e-06,
    "n_iter_no_change": 80
}