{
    "init_lr": 0.03252178259220073,
    "stop_lr": 0.014011418646054964,
    "lr_factor": 0.99,
    "start_subsample": 0.517821189965915,
    "stop_subsample": 0.8006992294253992,
    "timespan_subsample": 3,
    "timespan_offset_subsample": 3,
    "start_weight": 3,
    "stop_weight": 1,
    "timespan_weight": 3,
    "timespan_offset_weight": 2,
    "colsample": 0.5271943288936072,
    "max_depth": 1,
    "early_stopping_rounds": 66,
    "lambda": 0.10301009823141603,
    "alpha": 0.02379726243445928
}