{
    "loss": "perceptron",
    "penalty": "elasticnet",
    "l1_ratio": 0.9738861454336124,
    "alpha": 2.408046710129465e-05,
    "tol": 0.005318714239711378,
    "n_iter_no_change": 2
}