{
    "loss": "epsilon_insensitive",
    "epsilon": 0.03113784138988746,
    "penalty": "l1",
    "alpha": 0.00127847427221952,
    "tol": 1.6291822584168501e-06,
    "n_iter_no_change": 84
}