{
    "init_lr": 0.0015092292168244808,
    "stop_lr": 0.001019548792181929,
    "lr_factor": 0.95,
    "start_subsample": 0.9400391549588866,
    "stop_subsample": 0.9698689336390058,
    "timespan_subsample": 2,
    "timespan_offset_subsample": 3,
    "start_weight": 7,
    "stop_weight": 1,
    "timespan_weight": 3,
    "timespan_offset_weight": 1,
    "colsample": 0.3232001772793942,
    "max_depth": 4,
    "early_stopping_rounds": 69,
    "lambda": 0.029343617367422328,
    "alpha": 5.116221731626961e-06
}