{
    "tree_size": 8,
    "memory_par": 0.014137171777874597,
    "lin_trim_quantile": 0.743085669940887,
    "exp_rand_tree_size": true
}