{
    "patience": 71,
    "lr": 0.001789450405311166,
    "lr_wdecay": 0.01002997409658362,
    "hidden_dim": 64,
    "dropout": 0.545019354238158,
    "n_layers": 3
}