{
    "patience": 98,
    "lr": 0.0376241052768862,
    "lr_wdecay": 0.007475834830477904,
    "hidden_dim": 32,
    "dropout": 0.2312815016629777,
    "n_layers": 4
}