{
    "loss": "epsilon_insensitive",
    "epsilon": 0.02601731168040523,
    "penalty": "l1",
    "alpha": 0.003824216042756167,
    "tol": 0.003639294447965235,
    "n_iter_no_change": 44
}