{
    "patience": 42,
    "lr": 0.0026118034102638435,
    "lr_wdecay": 0.055043547700263665,
    "hidden_dim": 32,
    "dropout": 0.3598382512680369,
    "n_layers": 2
}