{
    "patience": 66,
    "lr": 0.0014161371991319135,
    "lr_wdecay": 0.09542088450609604,
    "hidden_dim": 265,
    "dropout": 0.034228111506257375,
    "n_layers": 2
}