{
    "init_lr": 0.7389093240081865,
    "stop_lr": 0.583379252082649,
    "lr_factor": 0.95,
    "start_subsample": 0.7240875573381506,
    "stop_subsample": 0.9047501942087169,
    "timespan_subsample": 3,
    "timespan_offset_subsample": 3,
    "start_weight": 1,
    "stop_weight": 1,
    "timespan_weight": 1,
    "timespan_offset_weight": 2,
    "colsample": 0.5564786344668023,
    "max_depth": 1,
    "early_stopping_rounds": 62,
    "lambda": 4.66273047932721e-06,
    "alpha": 0.9072536790614829
}