{
    "patience": 24,
    "lr": 0.001669246617707565,
    "lr_wdecay": 0.0070936157167422464,
    "hidden_dim": 128,
    "dropout": 0.6982947458023961,
    "n_layers": 3
}