{
    "patience": 59,
    "lr": 0.32963518940034603,
    "lr_wdecay": 0.018926180369040722,
    "hidden_dim": 128,
    "dropout": 0.20007701095855118,
    "n_layers": 3
}