{
    "patience": 7,
    "lr": 0.022492935084212247,
    "lr_wdecay": 0.0036043321898763907,
    "hidden_dim": 64,
    "dropout": 0.2322208259602703,
    "n_layers": 2
}