{
    "patience": 100,
    "lr": 0.002861278983785288,
    "lr_wdecay": 0.021831176921951377,
    "hidden_dim": 265,
    "dropout": 0.5183039137983868,
    "n_layers": 3
}