{
    "init_lr": 0.004285498590186232,
    "stop_lr": 0.0010210781820274377,
    "lr_factor": 0.95,
    "start_subsample": 0.7913262830872103,
    "stop_subsample": 0.8568263425826461,
    "timespan_subsample": 2,
    "timespan_offset_subsample": 1,
    "start_weight": 3,
    "stop_weight": 10,
    "timespan_weight": 3,
    "timespan_offset_weight": 3,
    "colsample": 0.5679529997868102,
    "max_depth": 1,
    "early_stopping_rounds": 96,
    "lambda": 2.993629684874611e-05,
    "alpha": 7.685651951282224e-07
}