{
    "init_lr": 0.0750342711431073,
    "stop_lr": 0.03200966247367014,
    "lr_factor": 0.95,
    "start_subsample": 0.37594437674613834,
    "stop_subsample": 0.6477017710748798,
    "timespan_subsample": 1,
    "timespan_offset_subsample": 3,
    "start_weight": 2,
    "stop_weight": 1,
    "timespan_weight": 1,
    "timespan_offset_weight": 3,
    "colsample": 0.5124558528609384,
    "max_depth": 9,
    "early_stopping_rounds": 53,
    "lambda": 0.055984174026736194,
    "alpha": 0.003522956583551297
}