{
    "tree_size": 97,
    "memory_par": 0.05018082500045916,
    "lin_trim_quantile": 0.831183807276582,
    "exp_rand_tree_size": true
}