{
    "tree_size": 71,
    "memory_par": 0.004398731652814295,
    "lin_trim_quantile": 0.7806034998359371,
    "exp_rand_tree_size": false
}