{
    "loss": "huber",
    "epsilon": 0.03507154258317151,
    "penalty": "l2",
    "alpha": 0.047808594594315114,
    "tol": 2.5339358454689745e-06,
    "n_iter_no_change": 22
}