{
    "patience": 100,
    "lr": 0.1452914804312634,
    "lr_wdecay": 0.009731462795978583,
    "hidden_dim": 265,
    "dropout": 0.1783498473633372,
    "n_layers": 2
}