{
    "patience": 74,
    "lr": 0.007392208846484438,
    "lr_wdecay": 0.001686149982555743,
    "hidden_dim": 32,
    "dropout": 0.630118178561032,
    "n_layers": 4
}