{
    "init_lr": 0.4869957292739444,
    "stop_lr": 0.324879557109359,
    "lr_factor": 1,
    "start_subsample": 0.7033729745891872,
    "stop_subsample": 0.8000408115882327,
    "timespan_subsample": 2,
    "timespan_offset_subsample": 3,
    "start_weight": 5,
    "stop_weight": 1,
    "timespan_weight": 1,
    "timespan_offset_weight": 3,
    "colsample": 0.761580041724684,
    "max_depth": 12,
    "early_stopping_rounds": 48,
    "lambda": 7.610838167548563e-08,
    "alpha": 0.0589478306325949
}