{
    "loss": "perceptron",
    "penalty": "elasticnet",
    "l1_ratio": 0.6467111425010257,
    "alpha": 7.325903463638291e-06,
    "tol": 0.0006464167687733008,
    "n_iter_no_change": 20
}