{
    "init_lr": 0.13741062140584198,
    "stop_lr": 0.06383022138320485,
    "lr_factor": 1,
    "start_subsample": 0.8618135590382225,
    "stop_subsample": 0.9591792085622035,
    "timespan_subsample": 2,
    "timespan_offset_subsample": 3,
    "start_weight": 4,
    "stop_weight": 1,
    "timespan_weight": 1,
    "timespan_offset_weight": 3,
    "colsample": 0.556684489776598,
    "max_depth": 15,
    "early_stopping_rounds": 62,
    "lambda": 0.0007618685510121475,
    "alpha": 0.7420135849141327
}