{
    "tree_size": 2,
    "memory_par": 0.0027480812245100367,
    "lin_trim_quantile": 0.8441232046551697,
    "exp_rand_tree_size": true
}