{
    "patience": 76,
    "lr": 0.042022096945673174,
    "lr_wdecay": 0.008597548581441218,
    "hidden_dim": 64,
    "dropout": 0.4066431800756767,
    "n_layers": 2
}