{
    "patience": 32,
    "lr": 0.016848451723855,
    "lr_wdecay": 0.02310069369167484,
    "hidden_dim": 265,
    "dropout": 0.3977070188801659,
    "n_layers": 2
}