{
    "tree_size": 33,
    "memory_par": 10.119342769729016,
    "lin_trim_quantile": 0.6934090635009296,
    "exp_rand_tree_size": false
}