{
    "init_lr": 0.04199750653157973,
    "stop_lr": 0.022940920804035824,
    "lr_factor": 1,
    "start_subsample": 0.8658736627597455,
    "stop_subsample": 0.9663701930357256,
    "timespan_subsample": 1,
    "timespan_offset_subsample": 1,
    "start_weight": 9,
    "stop_weight": 10,
    "timespan_weight": 3,
    "timespan_offset_weight": 2,
    "colsample": 0.9127967617387658,
    "max_depth": 13,
    "early_stopping_rounds": 87,
    "lambda": 0.7088872591334356,
    "alpha": 0.0005843121195261925
}