{
    "init_lr": 0.1514405714311013,
    "stop_lr": 0.08140421157721744,
    "lr_factor": 0.99,
    "start_subsample": 0.9858005972055117,
    "stop_subsample": 0.9907024929564756,
    "timespan_subsample": 1,
    "timespan_offset_subsample": 3,
    "start_weight": 8,
    "stop_weight": 2,
    "timespan_weight": 1,
    "timespan_offset_weight": 1,
    "colsample": 0.4696483839546219,
    "max_depth": 8,
    "early_stopping_rounds": 29,
    "lambda": 0.00014336130216793463,
    "alpha": 0.5461704402906005
}