{
    "patience": 66,
    "lr": 0.010180843898136118,
    "lr_wdecay": 0.011003091724941502,
    "hidden_dim": 265,
    "dropout": 0.3442985487987962,
    "n_layers": 3
}