{
    "patience": 21,
    "lr": 0.07397729447152897,
    "lr_wdecay": 0.0015829122173705234,
    "hidden_dim": 64,
    "dropout": 0.8426332871400531,
    "n_layers": 3
}