{
    "loss": "squared_epsilon_insensitive",
    "epsilon": 0.04198479081328548,
    "penalty": "l2",
    "alpha": 1.494756216198009,
    "tol": 2.6347984248706087e-05,
    "n_iter_no_change": 67
}