{
    "init_lr": 0.4327621650376873,
    "stop_lr": 0.39627513748110343,
    "lr_factor": 1,
    "start_subsample": 0.9796231370951738,
    "stop_subsample": 0.9935671872291616,
    "timespan_subsample": 1,
    "timespan_offset_subsample": 2,
    "start_weight": 1,
    "stop_weight": 10,
    "timespan_weight": 2,
    "timespan_offset_weight": 2,
    "colsample": 0.9954035224511111,
    "max_depth": 11,
    "early_stopping_rounds": 35,
    "lambda": 0.00014048391929560118,
    "alpha": 2.4741648317364962e-08
}