{
    "tree_size": 11,
    "memory_par": 0.050621054791609735,
    "lin_trim_quantile": 0.12067890713530563,
    "exp_rand_tree_size": true
}