{
    "init_lr": 0.22849471950028916,
    "stop_lr": 0.08325923496506556,
    "lr_factor": 0.95,
    "start_subsample": 0.2484179003029876,
    "stop_subsample": 0.8649024471443396,
    "timespan_subsample": 1,
    "timespan_offset_subsample": 2,
    "start_weight": 2,
    "stop_weight": 1,
    "timespan_weight": 3,
    "timespan_offset_weight": 3,
    "colsample": 0.6707324321650209,
    "max_depth": 13,
    "early_stopping_rounds": 75,
    "lambda": 0.0025336780028769506,
    "alpha": 0.011429843583413977
}