{
    "loss": "log_loss",
    "penalty": "elasticnet",
    "l1_ratio": 0.5346464903311571,
    "alpha": 2.2133812244408353e-06,
    "tol": 0.00535534281159161,
    "n_iter_no_change": 7
}