{
    "loss": "perceptron",
    "penalty": "elasticnet",
    "l1_ratio": 0.04622903615117607,
    "alpha": 0.14546894801601942,
    "tol": 5.265189451249269e-06,
    "n_iter_no_change": 76
}