{
    "loss": "modified_huber",
    "penalty": "elasticnet",
    "l1_ratio": 0.0024421457928517354,
    "alpha": 0.23435265519395754,
    "tol": 7.896561312671791e-05,
    "n_iter_no_change": 56
}