{
    "tree_size": 4,
    "memory_par": 0.004915165918359952,
    "lin_trim_quantile": 0.7837505965938572,
    "exp_rand_tree_size": true
}