{
    "init_lr": 0.13167738566714926,
    "stop_lr": 0.06109703398690649,
    "lr_factor": 1,
    "start_subsample": 0.6125170713538493,
    "stop_subsample": 0.9236108988299037,
    "timespan_subsample": 2,
    "timespan_offset_subsample": 2,
    "start_weight": 1,
    "stop_weight": 9,
    "timespan_weight": 2,
    "timespan_offset_weight": 1,
    "colsample": 0.8154382879235418,
    "max_depth": 12,
    "early_stopping_rounds": 45,
    "lambda": 5.915295295452716e-05,
    "alpha": 0.05067451144999746
}