{
    "patience": 52,
    "lr": 0.002242380964864824,
    "lr_wdecay": 0.0029029406758321295,
    "hidden_dim": 32,
    "dropout": 0.2642791298911814,
    "n_layers": 2
}