{
    "patience": 61,
    "lr": 0.001675191918091725,
    "lr_wdecay": 0.0238874961602683,
    "hidden_dim": 64,
    "dropout": 0.16810396085890855,
    "n_layers": 2
}