{
    "patience": 80,
    "lr": 0.021362352503631034,
    "lr_wdecay": 0.013996231975948757,
    "hidden_dim": 128,
    "dropout": 0.3399496970349781,
    "n_layers": 3
}