{
    "patience": 14,
    "lr": 0.012288240599237459,
    "lr_wdecay": 0.009749320371518634,
    "hidden_dim": 64,
    "dropout": 0.4733773671949935,
    "n_layers": 3
}