{
    "patience": 62,
    "lr": 0.0020652927625159807,
    "lr_wdecay": 0.005543131101307146,
    "hidden_dim": 265,
    "dropout": 0.5221655123254327,
    "n_layers": 4
}