{
    "patience": 77,
    "lr": 0.25276079433474924,
    "lr_wdecay": 0.011878654399901357,
    "hidden_dim": 64,
    "dropout": 0.06255475819740974,
    "n_layers": 3
}