{
    "loss": "huber",
    "epsilon": 2.88398296202045,
    "penalty": "elasticnet",
    "l1_ratio": 0.10403516967811391,
    "alpha": 3.342189184605991,
    "tol": 3.1338429243238578e-06,
    "n_iter_no_change": 81
}