{
    "loss": "huber",
    "epsilon": 0.017907527786056608,
    "penalty": "l1",
    "alpha": 0.0001848731235127604,
    "tol": 1.8629795808412547e-05,
    "n_iter_no_change": 85
}