{
    "init_lr": 0.07740977677852214,
    "stop_lr": 0.04045287978697159,
    "lr_factor": 0.95,
    "start_subsample": 0.8954644199924081,
    "stop_subsample": 0.9168892340663357,
    "timespan_subsample": 3,
    "timespan_offset_subsample": 1,
    "start_weight": 8,
    "stop_weight": 3,
    "timespan_weight": 3,
    "timespan_offset_weight": 2,
    "colsample": 0.32633512240002693,
    "max_depth": 12,
    "early_stopping_rounds": 91,
    "lambda": 0.1913075508440719,
    "alpha": 0.0024471082506623333
}