{
    "tree_size": 17,
    "memory_par": 0.002158405235757685,
    "lin_trim_quantile": 0.8232321694420602,
    "exp_rand_tree_size": true
}