{
    "loss": "huber",
    "epsilon": 0.058791345743468074,
    "penalty": "elasticnet",
    "l1_ratio": 0.006720867301389304,
    "alpha": 0.0017127412170583683,
    "tol": 1.106401570039993e-06,
    "n_iter_no_change": 32
}