{
    "init_lr": 0.03900339652001031,
    "stop_lr": 0.0014219491977368916,
    "lr_factor": 0.99,
    "start_subsample": 0.42226655074790903,
    "stop_subsample": 0.7889463314268478,
    "timespan_subsample": 3,
    "timespan_offset_subsample": 3,
    "start_weight": 3,
    "stop_weight": 1,
    "timespan_weight": 2,
    "timespan_offset_weight": 1,
    "colsample": 0.42085280023009825,
    "max_depth": 5,
    "early_stopping_rounds": 35,
    "lambda": 0.0034750170053228506,
    "alpha": 0.9643879191098776
}