{
    "init_lr": 0.025432680087088523,
    "stop_lr": 0.0038248754325600916,
    "lr_factor": 0.99,
    "start_subsample": 0.6083069834855901,
    "stop_subsample": 0.8606810990989843,
    "timespan_subsample": 3,
    "timespan_offset_subsample": 3,
    "start_weight": 1,
    "stop_weight": 10,
    "timespan_weight": 2,
    "timespan_offset_weight": 3,
    "colsample": 0.3981977964899477,
    "max_depth": 6,
    "early_stopping_rounds": 48,
    "lambda": 0.0029267067753266963,
    "alpha": 0.03001160539210006
}