{
    "loss": "huber",
    "epsilon": 0.09940494261540155,
    "penalty": "l2",
    "alpha": 0.013315592292317257,
    "tol": 3.2173209555215868e-06,
    "n_iter_no_change": 26
}