{
    "init_lr": 0.02539174917118356,
    "stop_lr": 0.014176692635448277,
    "lr_factor": 0.99,
    "start_subsample": 0.979213039004794,
    "stop_subsample": 0.9905957467646969,
    "timespan_subsample": 1,
    "timespan_offset_subsample": 3,
    "start_weight": 10,
    "stop_weight": 1,
    "timespan_weight": 1,
    "timespan_offset_weight": 3,
    "colsample": 0.5105773454468344,
    "max_depth": 2,
    "early_stopping_rounds": 56,
    "lambda": 1.2247471462729117e-07,
    "alpha": 3.8998916809783253e-07
}