{
    "patience": 58,
    "lr": 0.010186422889975122,
    "lr_wdecay": 0.003558922332534324,
    "hidden_dim": 265,
    "dropout": 0.7017417563316285,
    "n_layers": 2
}