{
    "patience": 60,
    "lr": 0.007606932366248578,
    "lr_wdecay": 0.00473976593871212,
    "hidden_dim": 128,
    "dropout": 0.7751884205239984,
    "n_layers": 4
}