{
    "tree_size": 2,
    "memory_par": 0.005909942292065043,
    "lin_trim_quantile": 0.5596906317581001,
    "exp_rand_tree_size": true
}