{
    "loss": "huber",
    "epsilon": 0.13208236554799452,
    "penalty": "l2",
    "alpha": 0.005958861237474207,
    "tol": 0.026064136711417,
    "n_iter_no_change": 71
}