{
    "tree_size": 28,
    "memory_par": 0.17644897091460984,
    "lin_trim_quantile": 0.8600897597471651,
    "exp_rand_tree_size": true
}