{
    "init_lr": 0.26067765041446855,
    "stop_lr": 0.10902359811895979,
    "lr_factor": 1,
    "start_subsample": 0.7942883303718178,
    "stop_subsample": 0.9281840463803743,
    "timespan_subsample": 2,
    "timespan_offset_subsample": 2,
    "start_weight": 8,
    "stop_weight": 2,
    "timespan_weight": 2,
    "timespan_offset_weight": 2,
    "colsample": 0.8415363432089545,
    "max_depth": 5,
    "early_stopping_rounds": 57,
    "lambda": 0.0027456852290088647,
    "alpha": 0.09460538346946631
}