{
    "loss": "huber",
    "epsilon": 0.018778826607426528,
    "penalty": "elasticnet",
    "l1_ratio": 0.5172006208022611,
    "alpha": 0.0011562493350340615,
    "tol": 0.00036577463018259114,
    "n_iter_no_change": 97
}