{
    "patience": 26,
    "lr": 0.012866291450052763,
    "lr_wdecay": 0.009052192628756442,
    "hidden_dim": 32,
    "dropout": 0.6977292158367217,
    "n_layers": 3
}