{
    "patience": 68,
    "lr": 0.016764538865512338,
    "lr_wdecay": 0.008196541132784809,
    "hidden_dim": 128,
    "dropout": 0.6491520956321457,
    "n_layers": 3
}