{
    "patience": 30,
    "lr": 0.004928018830104753,
    "lr_wdecay": 0.01037976387235471,
    "hidden_dim": 128,
    "dropout": 0.8562322969606952,
    "n_layers": 2
}