{
    "patience": 70,
    "lr": 0.03602046222482609,
    "lr_wdecay": 0.013376240652563884,
    "hidden_dim": 128,
    "dropout": 0.08649774118133403,
    "n_layers": 2
}