{
    "patience": 75,
    "lr": 0.016556594918992643,
    "lr_wdecay": 0.0039848907194267895,
    "hidden_dim": 128,
    "dropout": 0.5315708320952561,
    "n_layers": 2
}