{
    "patience": 79,
    "lr": 0.0017204068254539004,
    "lr_wdecay": 0.023903874066914913,
    "hidden_dim": 128,
    "dropout": 0.7262881675949433,
    "n_layers": 2
}