{
    "init_lr": 0.38680839061435274,
    "stop_lr": 0.3642587301559388,
    "lr_factor": 0.95,
    "start_subsample": 0.6586791324541365,
    "stop_subsample": 0.8332377905712162,
    "timespan_subsample": 2,
    "timespan_offset_subsample": 1,
    "start_weight": 8,
    "stop_weight": 1,
    "timespan_weight": 3,
    "timespan_offset_weight": 1,
    "colsample": 0.6052571603480983,
    "max_depth": 3,
    "early_stopping_rounds": 40,
    "lambda": 0.036963050652691044,
    "alpha": 9.026816155671019e-06
}