{
    "loss": "huber",
    "epsilon": 0.038469371188427165,
    "penalty": "l1",
    "alpha": 0.00032222311209017135,
    "tol": 0.0008726744798496715,
    "n_iter_no_change": 28
}