{
    "tree_size": 48,
    "memory_par": 74.15269635526062,
    "lin_trim_quantile": 0.950530001375681,
    "exp_rand_tree_size": false
}