{
    "patience": 54,
    "lr": 0.09195678453189976,
    "lr_wdecay": 0.02824240761214464,
    "hidden_dim": 265,
    "dropout": 0.23273291642883323,
    "n_layers": 3
}