{
    "patience": 84,
    "lr": 0.00242658183902561,
    "lr_wdecay": 0.0031918543669728983,
    "hidden_dim": 32,
    "dropout": 0.5638322944609285,
    "n_layers": 3
}