{
    "init_lr": 0.3116908124082547,
    "stop_lr": 0.18062416639657572,
    "lr_factor": 1,
    "start_subsample": 0.9551322026795588,
    "stop_subsample": 0.9981347191922759,
    "timespan_subsample": 2,
    "timespan_offset_subsample": 3,
    "start_weight": 1,
    "stop_weight": 2,
    "timespan_weight": 3,
    "timespan_offset_weight": 2,
    "colsample": 0.7893519946673796,
    "max_depth": 5,
    "early_stopping_rounds": 36,
    "lambda": 2.284824521720198e-08,
    "alpha": 4.517779308900397e-05
}