{
    "loss": "huber",
    "epsilon": 0.02820129079155438,
    "penalty": "l2",
    "alpha": 2.8239259164974357,
    "tol": 0.062216819808131416,
    "n_iter_no_change": 52
}