{
    "init_lr": 0.03865673454714949,
    "stop_lr": 0.00442797470545552,
    "lr_factor": 0.99,
    "start_subsample": 0.8856559896611734,
    "stop_subsample": 0.9309973338502384,
    "timespan_subsample": 3,
    "timespan_offset_subsample": 2,
    "start_weight": 8,
    "stop_weight": 2,
    "timespan_weight": 2,
    "timespan_offset_weight": 1,
    "colsample": 0.27495244035741945,
    "max_depth": 3,
    "early_stopping_rounds": 76,
    "lambda": 0.000767546319197775,
    "alpha": 4.3691088558835077e-07
}