{
    "loss": "huber",
    "epsilon": 0.06716570660193266,
    "penalty": "l1",
    "alpha": 9.147974892613484e-06,
    "tol": 0.000187844876982313,
    "n_iter_no_change": 73
}