{
    "patience": 6,
    "lr": 0.006314065023881432,
    "lr_wdecay": 0.037446344871980806,
    "hidden_dim": 128,
    "dropout": 0.6972942306839811,
    "n_layers": 2
}