{
    "patience": 39,
    "lr": 0.0233033093191743,
    "lr_wdecay": 0.014980545840903544,
    "hidden_dim": 64,
    "dropout": 0.2242274951827153,
    "n_layers": 2
}