{
    "init_lr": 0.38301312587564806,
    "stop_lr": 0.1353746834507363,
    "lr_factor": 0.95,
    "start_subsample": 0.43606493514238454,
    "stop_subsample": 0.5400157278124268,
    "timespan_subsample": 2,
    "timespan_offset_subsample": 3,
    "start_weight": 7,
    "stop_weight": 2,
    "timespan_weight": 2,
    "timespan_offset_weight": 2,
    "colsample": 0.44395098623600376,
    "max_depth": 7,
    "early_stopping_rounds": 32,
    "lambda": 0.06748596441327223,
    "alpha": 0.022950334393138008
}