{
    "tree_size": 25,
    "memory_par": 0.003968946335721827,
    "lin_trim_quantile": 0.27583047179432635,
    "exp_rand_tree_size": true
}