{
    "tree_size": 47,
    "memory_par": 0.006022970210706638,
    "lin_trim_quantile": 0.07722649253274086,
    "exp_rand_tree_size": true
}