{
    "loss": "hinge",
    "penalty": "elasticnet",
    "l1_ratio": 0.37787931240490785,
    "alpha": 3.923942582309786e-05,
    "tol": 2.44525579862935e-05,
    "n_iter_no_change": 37
}