{
    "patience": 80,
    "lr": 0.02203012044537197,
    "lr_wdecay": 0.0024058740294372687,
    "hidden_dim": 64,
    "dropout": 0.579570954118453,
    "n_layers": 3
}