{
    "patience": 87,
    "lr": 0.09533734094781292,
    "lr_wdecay": 0.0031622765986344904,
    "hidden_dim": 32,
    "dropout": 0.5597610512495732,
    "n_layers": 3
}