{
    "loss": "squared_hinge",
    "penalty": "elasticnet",
    "l1_ratio": 0.8411111306213358,
    "alpha": 1.0160954651505663e-06,
    "tol": 0.008257637459309037,
    "n_iter_no_change": 35
}