{
    "init_lr": 0.022307469377151085,
    "stop_lr": 0.007449520331091097,
    "lr_factor": 0.95,
    "start_subsample": 0.534640627402401,
    "stop_subsample": 0.8231061387841107,
    "timespan_subsample": 3,
    "timespan_offset_subsample": 3,
    "start_weight": 6,
    "stop_weight": 1,
    "timespan_weight": 3,
    "timespan_offset_weight": 1,
    "colsample": 0.4506457270703633,
    "max_depth": 15,
    "early_stopping_rounds": 61,
    "lambda": 1.1623193408659619e-05,
    "alpha": 0.0014424257942432012
}