{
    "init_lr": 0.35632981705309463,
    "stop_lr": 0.2490074661831864,
    "lr_factor": 0.95,
    "start_subsample": 0.7909649484910003,
    "stop_subsample": 0.9561373638821523,
    "timespan_subsample": 2,
    "timespan_offset_subsample": 3,
    "start_weight": 1,
    "stop_weight": 4,
    "timespan_weight": 1,
    "timespan_offset_weight": 1,
    "colsample": 0.7512115193986114,
    "max_depth": 2,
    "early_stopping_rounds": 63,
    "lambda": 0.0028419886287868418,
    "alpha": 4.828284415843808e-06
}