{
    "init_lr": 0.275645212327212,
    "stop_lr": 0.05265053528472452,
    "lr_factor": 0.99,
    "start_subsample": 0.692263430522757,
    "stop_subsample": 0.7595085860869284,
    "timespan_subsample": 1,
    "timespan_offset_subsample": 3,
    "start_weight": 7,
    "stop_weight": 2,
    "timespan_weight": 1,
    "timespan_offset_weight": 2,
    "colsample": 0.4591576770575384,
    "max_depth": 1,
    "early_stopping_rounds": 57,
    "lambda": 0.14050252015461887,
    "alpha": 3.248229203974442e-08
}