{
    "patience": 84,
    "lr": 0.0034586228517902704,
    "lr_wdecay": 0.007665140940154478,
    "hidden_dim": 32,
    "dropout": 0.6997078846940168,
    "n_layers": 2
}