{
    "patience": 89,
    "lr": 0.002418667085384889,
    "lr_wdecay": 0.006451334066436974,
    "hidden_dim": 64,
    "dropout": 0.6138706813839698,
    "n_layers": 3
}