{
    "tree_size": 17,
    "memory_par": 0.08578208028572247,
    "lin_trim_quantile": 0.6767534541260105,
    "exp_rand_tree_size": false
}