{
    "patience": 35,
    "lr": 0.10810381292871338,
    "lr_wdecay": 0.027670735574077898,
    "hidden_dim": 64,
    "dropout": 0.31277550044156555,
    "n_layers": 3
}