{
    "patience": 59,
    "lr": 0.0072003681938248645,
    "lr_wdecay": 0.020271125466496134,
    "hidden_dim": 64,
    "dropout": 0.7341033016123236,
    "n_layers": 3
}