{
    "patience": 54,
    "lr": 0.003862820392461333,
    "lr_wdecay": 0.0951111434865812,
    "hidden_dim": 265,
    "dropout": 0.06722312278337716,
    "n_layers": 2
}