{
    "patience": 0,
    "lr": 0.0019445600292317849,
    "lr_wdecay": 0.032236515711907866,
    "hidden_dim": 64,
    "dropout": 0.6078727706930042,
    "n_layers": 2
}