{
    "patience": 91,
    "lr": 0.0010284964732764008,
    "lr_wdecay": 0.009354642141611984,
    "hidden_dim": 32,
    "dropout": 0.32861672026772737,
    "n_layers": 2
}