{
    "patience": 16,
    "lr": 0.018305966584660074,
    "lr_wdecay": 0.020862230081367915,
    "hidden_dim": 64,
    "dropout": 0.1250091461156656,
    "n_layers": 2
}