{
    "patience": 81,
    "lr": 0.12532608639680895,
    "lr_wdecay": 0.025203996665725224,
    "hidden_dim": 32,
    "dropout": 0.20405050298696248,
    "n_layers": 3
}