{
    "patience": 90,
    "lr": 0.001260909399479713,
    "lr_wdecay": 0.005063433345083174,
    "hidden_dim": 64,
    "dropout": 0.7239785602333564,
    "n_layers": 3
}