{
    "patience": 19,
    "lr": 0.0014658454211222522,
    "lr_wdecay": 0.010454267093198955,
    "hidden_dim": 32,
    "dropout": 0.5589981854217076,
    "n_layers": 2
}