{
    "patience": 49,
    "lr": 0.03937618879361368,
    "lr_wdecay": 0.029031100155167536,
    "hidden_dim": 64,
    "dropout": 0.11897708380601796,
    "n_layers": 3
}