{
    "tree_size": 8,
    "memory_par": 0.023511643541325646,
    "lin_trim_quantile": 0.5478490508987722,
    "exp_rand_tree_size": true
}