{
    "loss": "huber",
    "epsilon": 0.05554862397377526,
    "penalty": "l2",
    "alpha": 2.6429627852572843,
    "tol": 0.04535725791546272,
    "n_iter_no_change": 1
}