{
    "patience": 84,
    "lr": 0.001997027728093801,
    "lr_wdecay": 2.789456039661701e-05,
    "hidden_dim": 265,
    "dropout": 0.158255095984614,
    "n_layers": 2
}