{
    "patience": 25,
    "lr": 0.0023634624797332126,
    "lr_wdecay": 0.002016481586154305,
    "hidden_dim": 265,
    "dropout": 0.6755651302952631,
    "n_layers": 2
}