{
    "loss": "perceptron",
    "penalty": "elasticnet",
    "l1_ratio": 0.9557809353042941,
    "alpha": 1.6562567382379249e-06,
    "tol": 0.0010179749131115317,
    "n_iter_no_change": 20
}