{
    "init_lr": 0.10862018148001915,
    "stop_lr": 0.047470059785413715,
    "lr_factor": 0.95,
    "start_subsample": 0.6462444032391949,
    "stop_subsample": 0.8893945525316831,
    "timespan_subsample": 3,
    "timespan_offset_subsample": 3,
    "start_weight": 5,
    "stop_weight": 9,
    "timespan_weight": 3,
    "timespan_offset_weight": 3,
    "colsample": 0.9117441519898203,
    "max_depth": 8,
    "early_stopping_rounds": 81,
    "lambda": 0.004376834215483731,
    "alpha": 0.0008421466961180112
}