{
    "patience": 43,
    "lr": 0.0031433423043491344,
    "lr_wdecay": 0.00831686586625092,
    "hidden_dim": 64,
    "dropout": 0.7577784139892998,
    "n_layers": 3
}