{
    "patience": 0,
    "lr": 0.026246412884357813,
    "lr_wdecay": 0.00041534630779593515,
    "hidden_dim": 64,
    "dropout": 0.1576880330959841,
    "n_layers": 2
}