{
    "patience": 80,
    "lr": 0.06176210992006987,
    "lr_wdecay": 0.00045125819582354787,
    "hidden_dim": 265,
    "dropout": 0.7100058106634952,
    "n_layers": 2
}