{
    "patience": 36,
    "lr": 0.006645419377888037,
    "lr_wdecay": 0.00041199474799131055,
    "hidden_dim": 32,
    "dropout": 0.5985642084627008,
    "n_layers": 2
}