{
    "tree_size": 48,
    "memory_par": 0.019044099646176548,
    "lin_trim_quantile": 0.2743442794402395,
    "exp_rand_tree_size": true
}