{
    "init_lr": 0.024996002212089342,
    "stop_lr": 0.005896156502701999,
    "lr_factor": 1,
    "start_subsample": 0.16823137908427527,
    "stop_subsample": 0.30274658183184866,
    "timespan_subsample": 3,
    "timespan_offset_subsample": 2,
    "start_weight": 9,
    "stop_weight": 1,
    "timespan_weight": 3,
    "timespan_offset_weight": 1,
    "colsample": 0.5959727866290638,
    "max_depth": 7,
    "early_stopping_rounds": 48,
    "lambda": 0.0027766121594479855,
    "alpha": 0.4018963882364607
}