{
    "loss": "huber",
    "epsilon": 1.01238383994021,
    "penalty": "elasticnet",
    "l1_ratio": 0.9279233288122763,
    "alpha": 0.00017367577095326735,
    "tol": 2.7259381910655847e-06,
    "n_iter_no_change": 47
}