{
    "init_lr": 0.07256501717146657,
    "stop_lr": 0.006680073444816748,
    "lr_factor": 1,
    "start_subsample": 0.8855710920796289,
    "stop_subsample": 0.9309177122308468,
    "timespan_subsample": 2,
    "timespan_offset_subsample": 3,
    "start_weight": 2,
    "stop_weight": 2,
    "timespan_weight": 2,
    "timespan_offset_weight": 2,
    "colsample": 0.5269182467265221,
    "max_depth": 14,
    "early_stopping_rounds": 93,
    "lambda": 0.0004501231687152263,
    "alpha": 1.479987103651366e-08
}