{
    "patience": 73,
    "lr": 0.004988202985312345,
    "lr_wdecay": 0.0003088663174192048,
    "hidden_dim": 64,
    "dropout": 0.8204409038360672,
    "n_layers": 2
}