{
    "patience": 30,
    "lr": 0.011339753760487802,
    "lr_wdecay": 0.0027525859595998866,
    "hidden_dim": 64,
    "dropout": 0.4199801154386077,
    "n_layers": 3
}