{
    "init_lr": 0.6902732285258826,
    "stop_lr": 0.4657726234138543,
    "lr_factor": 0.99,
    "start_subsample": 0.9393899969349142,
    "stop_subsample": 0.9990117399667012,
    "timespan_subsample": 1,
    "timespan_offset_subsample": 1,
    "start_weight": 1,
    "stop_weight": 8,
    "timespan_weight": 2,
    "timespan_offset_weight": 1,
    "colsample": 0.16540811224409907,
    "max_depth": 15,
    "early_stopping_rounds": 99,
    "lambda": 0.7337548255406956,
    "alpha": 1.0497503986546491e-07
}