{
    "patience": 41,
    "lr": 0.006420522052413814,
    "lr_wdecay": 0.006225186962492011,
    "hidden_dim": 64,
    "dropout": 0.521995743649424,
    "n_layers": 4
}