{
    "patience": 7,
    "lr": 0.004641208967399894,
    "lr_wdecay": 0.004477644488318245,
    "hidden_dim": 265,
    "dropout": 0.7777525016888802,
    "n_layers": 2
}