{
    "patience": 36,
    "lr": 0.027562831826089682,
    "lr_wdecay": 0.00793937067468751,
    "hidden_dim": 128,
    "dropout": 0.8887158363505442,
    "n_layers": 3
}