{
    "patience": 78,
    "lr": 0.0025274145016651265,
    "lr_wdecay": 0.010878571301601782,
    "hidden_dim": 265,
    "dropout": 0.1316147806253609,
    "n_layers": 2
}