{
    "patience": 42,
    "lr": 0.006316147651179903,
    "lr_wdecay": 0.006384954895517811,
    "hidden_dim": 128,
    "dropout": 0.816904380526421,
    "n_layers": 2
}