{
    "init_lr": 0.13527269156939367,
    "stop_lr": 0.11354099963276376,
    "lr_factor": 0.95,
    "start_subsample": 0.9129534669927089,
    "stop_subsample": 0.9359140867742823,
    "timespan_subsample": 1,
    "timespan_offset_subsample": 2,
    "start_weight": 1,
    "stop_weight": 2,
    "timespan_weight": 2,
    "timespan_offset_weight": 2,
    "colsample": 0.7534937274525617,
    "max_depth": 9,
    "early_stopping_rounds": 78,
    "lambda": 0.7948290443710548,
    "alpha": 0.21538840779416468
}