{
    "init_lr": 0.4401680137878582,
    "stop_lr": 0.4222156863803323,
    "lr_factor": 0.99,
    "start_subsample": 0.8827869349553231,
    "stop_subsample": 0.9729032706908872,
    "timespan_subsample": 3,
    "timespan_offset_subsample": 3,
    "start_weight": 1,
    "stop_weight": 5,
    "timespan_weight": 1,
    "timespan_offset_weight": 2,
    "colsample": 0.4847300857693117,
    "max_depth": 8,
    "early_stopping_rounds": 36,
    "lambda": 0.01444942432344292,
    "alpha": 0.0002206247130582709
}