{
    "loss": "hinge",
    "penalty": "elasticnet",
    "l1_ratio": 0.6416939177313612,
    "alpha": 5.233651389134133e-06,
    "tol": 3.469693862676624e-06,
    "n_iter_no_change": 57
}