{
    "loss": "huber",
    "epsilon": 0.18114020103980072,
    "penalty": "l2",
    "alpha": 0.4011808662840897,
    "tol": 9.534660273837851e-05,
    "n_iter_no_change": 19
}