{
    "init_lr": 0.7058373809812551,
    "stop_lr": 0.14799221048807742,
    "lr_factor": 1,
    "start_subsample": 0.7570208601281562,
    "stop_subsample": 0.9090050344105558,
    "timespan_subsample": 2,
    "timespan_offset_subsample": 2,
    "start_weight": 4,
    "stop_weight": 3,
    "timespan_weight": 3,
    "timespan_offset_weight": 3,
    "colsample": 0.6610382925258843,
    "max_depth": 1,
    "early_stopping_rounds": 35,
    "lambda": 0.060063631220100035,
    "alpha": 0.8443866692042868
}