{
    "patience": 40,
    "lr": 0.0018814809291170377,
    "lr_wdecay": 0.002309806990188231,
    "hidden_dim": 128,
    "dropout": 0.7587022050433719,
    "n_layers": 4
}