{
    "patience": 67,
    "lr": 0.1063174328171577,
    "lr_wdecay": 0.001843273457454666,
    "hidden_dim": 128,
    "dropout": 0.024389825157417666,
    "n_layers": 2
}