{
    "tree_size": 4,
    "memory_par": 0.010445455988555447,
    "lin_trim_quantile": 0.1761572054750266,
    "exp_rand_tree_size": true
}