{
    "init_lr": 0.5170917618113924,
    "stop_lr": 0.23798703060498755,
    "lr_factor": 0.95,
    "start_subsample": 0.10189714967428883,
    "stop_subsample": 0.823199363972902,
    "timespan_subsample": 1,
    "timespan_offset_subsample": 3,
    "start_weight": 8,
    "stop_weight": 1,
    "timespan_weight": 1,
    "timespan_offset_weight": 3,
    "colsample": 0.265574278928647,
    "max_depth": 12,
    "early_stopping_rounds": 47,
    "lambda": 0.05314455643879736,
    "alpha": 2.1253076775423603e-06
}