{
    "patience": 78,
    "lr": 0.006246538419084671,
    "lr_wdecay": 0.0030322797830963644,
    "hidden_dim": 32,
    "dropout": 0.3515445971518535,
    "n_layers": 2
}