{
    "patience": 38,
    "lr": 0.003284895743284561,
    "lr_wdecay": 2.388266210956368e-05,
    "hidden_dim": 64,
    "dropout": 0.5325917830788075,
    "n_layers": 2
}