{
    "tree_size": 7,
    "memory_par": 0.07726695629701333,
    "lin_trim_quantile": 0.0735602805548618,
    "exp_rand_tree_size": true
}