{
    "init_lr": 0.05022579389954178,
    "stop_lr": 0.018825188742194278,
    "lr_factor": 0.99,
    "start_subsample": 0.8331651305865878,
    "stop_subsample": 0.9343723775084495,
    "timespan_subsample": 3,
    "timespan_offset_subsample": 3,
    "start_weight": 4,
    "stop_weight": 1,
    "timespan_weight": 3,
    "timespan_offset_weight": 3,
    "colsample": 0.4403692611384369,
    "max_depth": 8,
    "early_stopping_rounds": 62,
    "lambda": 0.0001431711959864832,
    "alpha": 0.003648454990551624
}