{
    "init_lr": 0.11777446628975274,
    "stop_lr": 0.06363811665344189,
    "lr_factor": 0.99,
    "start_subsample": 0.4599898357677573,
    "stop_subsample": 0.6804686097332413,
    "timespan_subsample": 1,
    "timespan_offset_subsample": 1,
    "start_weight": 10,
    "stop_weight": 1,
    "timespan_weight": 2,
    "timespan_offset_weight": 1,
    "colsample": 0.9502905538165201,
    "max_depth": 5,
    "early_stopping_rounds": 58,
    "lambda": 0.030473025472319133,
    "alpha": 2.363366917917872e-05
}