{
    "tree_size": 50,
    "memory_par": 0.0013311652323671178,
    "lin_trim_quantile": 0.34938906351688415,
    "exp_rand_tree_size": true
}