{
    "patience": 97,
    "lr": 0.006139445863085786,
    "lr_wdecay": 0.09863701260333954,
    "hidden_dim": 64,
    "dropout": 0.03127963859020605,
    "n_layers": 2
}