{
    "patience": 75,
    "lr": 0.020262644099201057,
    "lr_wdecay": 0.08066171882416168,
    "hidden_dim": 128,
    "dropout": 0.7201445423212042,
    "n_layers": 2
}