{
    "init_lr": 0.1207875245298858,
    "stop_lr": 0.07782232226558518,
    "lr_factor": 0.99,
    "start_subsample": 0.885384200643896,
    "stop_subsample": 0.9819415627245934,
    "timespan_subsample": 1,
    "timespan_offset_subsample": 2,
    "start_weight": 8,
    "stop_weight": 1,
    "timespan_weight": 1,
    "timespan_offset_weight": 1,
    "colsample": 0.7368156277235127,
    "max_depth": 5,
    "early_stopping_rounds": 47,
    "lambda": 0.0002132258061979409,
    "alpha": 1.9005701607391021e-06
}