{
    "init_lr": 0.037343041525757716,
    "stop_lr": 0.0270579791895036,
    "lr_factor": 0.99,
    "start_subsample": 0.35147093678811653,
    "stop_subsample": 0.3829065313730076,
    "timespan_subsample": 2,
    "timespan_offset_subsample": 1,
    "start_weight": 4,
    "stop_weight": 2,
    "timespan_weight": 1,
    "timespan_offset_weight": 1,
    "colsample": 0.8346974256181168,
    "max_depth": 13,
    "early_stopping_rounds": 73,
    "lambda": 0.0001097408448938198,
    "alpha": 1.2478749829859775e-06
}