{
    "tree_size": 100,
    "memory_par": 0.0010676350527839852,
    "lin_trim_quantile": 0.43084310193987674,
    "exp_rand_tree_size": true
}