{
    "init_lr": 0.10524116313665358,
    "stop_lr": 0.017647841130516498,
    "lr_factor": 1,
    "start_subsample": 0.5031123953670185,
    "stop_subsample": 0.8683935466030815,
    "timespan_subsample": 2,
    "timespan_offset_subsample": 3,
    "start_weight": 2,
    "stop_weight": 9,
    "timespan_weight": 2,
    "timespan_offset_weight": 2,
    "colsample": 0.8126962077379765,
    "max_depth": 1,
    "early_stopping_rounds": 62,
    "lambda": 9.296130297646789e-07,
    "alpha": 0.043293831489768224
}