{
    "loss": "squared_epsilon_insensitive",
    "epsilon": 0.01736732835318391,
    "penalty": "l2",
    "alpha": 1.1741795576796357e-06,
    "tol": 1.0555127490499418e-05,
    "n_iter_no_change": 100
}