{
    "patience": 60,
    "lr": 0.08660039652017731,
    "lr_wdecay": 0.004180910692770401,
    "hidden_dim": 265,
    "dropout": 0.6396428602837657,
    "n_layers": 3
}