{
    "patience": 22,
    "lr": 0.015979879333493242,
    "lr_wdecay": 0.01078862302427814,
    "hidden_dim": 265,
    "dropout": 0.8116204457130864,
    "n_layers": 3
}