{
    "patience": 64,
    "lr": 0.014404917846433446,
    "lr_wdecay": 0.004229958488036229,
    "hidden_dim": 32,
    "dropout": 0.7903548517617686,
    "n_layers": 2
}