{
    "patience": 62,
    "lr": 0.008673467323316827,
    "lr_wdecay": 0.009788774189753748,
    "hidden_dim": 265,
    "dropout": 0.8110472645146514,
    "n_layers": 4
}