{
    "loss": "hinge",
    "penalty": "elasticnet",
    "l1_ratio": 0.4609219328149201,
    "alpha": 0.00010008603777474715,
    "tol": 0.0008134158247854669,
    "n_iter_no_change": 72
}