{
    "init_lr": 0.17514250224965697,
    "stop_lr": 0.02563220712111318,
    "lr_factor": 1,
    "start_subsample": 0.856107223815838,
    "stop_subsample": 0.9809861316807983,
    "timespan_subsample": 3,
    "timespan_offset_subsample": 2,
    "start_weight": 1,
    "stop_weight": 2,
    "timespan_weight": 3,
    "timespan_offset_weight": 2,
    "colsample": 0.3570774524758833,
    "max_depth": 3,
    "early_stopping_rounds": 61,
    "lambda": 0.004034110478594895,
    "alpha": 0.0015729557573059404
}