{
    "tree_size": 42,
    "memory_par": 0.005732384038265941,
    "lin_trim_quantile": 0.5466746616970112,
    "exp_rand_tree_size": true
}