{
    "patience": 38,
    "lr": 0.02009389108923345,
    "lr_wdecay": 0.022393626660300158,
    "hidden_dim": 128,
    "dropout": 0.0767781841585609,
    "n_layers": 2
}