{
    "patience": 14,
    "lr": 0.016821624554200117,
    "lr_wdecay": 0.003124477948675641,
    "hidden_dim": 32,
    "dropout": 0.6563935594865926,
    "n_layers": 2
}