{
    "init_lr": 0.6235548254566315,
    "stop_lr": 0.34287068517289393,
    "lr_factor": 1,
    "start_subsample": 0.9079787243320391,
    "stop_subsample": 0.9671940388331164,
    "timespan_subsample": 1,
    "timespan_offset_subsample": 2,
    "start_weight": 3,
    "stop_weight": 3,
    "timespan_weight": 1,
    "timespan_offset_weight": 1,
    "colsample": 0.709273312401499,
    "max_depth": 3,
    "early_stopping_rounds": 6,
    "lambda": 2.0904025187185033e-07,
    "alpha": 5.371987625335864e-06
}