{
    "patience": 15,
    "lr": 0.009105291195463107,
    "lr_wdecay": 0.06950620305363447,
    "hidden_dim": 128,
    "dropout": 0.37035825627284963,
    "n_layers": 2
}