{
    "patience": 36,
    "lr": 0.001140170236004944,
    "lr_wdecay": 0.022369967847922445,
    "hidden_dim": 128,
    "dropout": 0.38207753316837784,
    "n_layers": 2
}