{
    "loss": "huber",
    "epsilon": 0.054472226758760914,
    "penalty": "l1",
    "alpha": 5.05126140050994e-05,
    "tol": 0.05585491255813755,
    "n_iter_no_change": 39
}