{
    "init_lr": 0.1806971300714587,
    "stop_lr": 0.027502148102979893,
    "lr_factor": 1,
    "start_subsample": 0.9951007330851586,
    "stop_subsample": 0.9973501496576471,
    "timespan_subsample": 1,
    "timespan_offset_subsample": 1,
    "start_weight": 4,
    "stop_weight": 1,
    "timespan_weight": 3,
    "timespan_offset_weight": 2,
    "colsample": 0.5143997624367846,
    "max_depth": 14,
    "early_stopping_rounds": 30,
    "lambda": 0.00499766634898823,
    "alpha": 0.023248233007538605
}