{
    "tree_size": 13,
    "memory_par": 0.014909980963461111,
    "lin_trim_quantile": 0.3940871015447762,
    "exp_rand_tree_size": true
}