{
    "patience": 36,
    "lr": 0.032941645994321464,
    "lr_wdecay": 0.0044769779440623995,
    "hidden_dim": 32,
    "dropout": 0.0819527067378493,
    "n_layers": 2
}