{
    "patience": 100,
    "lr": 0.005287141440740679,
    "lr_wdecay": 0.005654532526381793,
    "hidden_dim": 128,
    "dropout": 0.49673732240101287,
    "n_layers": 2
}