{
    "init_lr": 0.025628905350547404,
    "stop_lr": 0.003524853164917632,
    "lr_factor": 1,
    "start_subsample": 0.8153268593881005,
    "stop_subsample": 0.9549811651776512,
    "timespan_subsample": 2,
    "timespan_offset_subsample": 3,
    "start_weight": 2,
    "stop_weight": 1,
    "timespan_weight": 3,
    "timespan_offset_weight": 1,
    "colsample": 0.2760757946237419,
    "max_depth": 3,
    "early_stopping_rounds": 86,
    "lambda": 1.746299565448956e-05,
    "alpha": 0.0036089850610024976
}