{
    "tree_size": 5,
    "memory_par": 0.009398138557335551,
    "lin_trim_quantile": 0.14591746420363388,
    "exp_rand_tree_size": false
}