{
    "loss": "huber",
    "epsilon": 0.013584982350140887,
    "penalty": "elasticnet",
    "l1_ratio": 0.15676109645732206,
    "alpha": 0.0009669570178793705,
    "tol": 6.13925190061879e-05,
    "n_iter_no_change": 15
}