{
    "patience": 98,
    "lr": 0.023635326241976982,
    "lr_wdecay": 0.08426274716709928,
    "hidden_dim": 32,
    "dropout": 0.3997428236519493,
    "n_layers": 3
}