{
    "patience": 96,
    "lr": 0.01623905853363754,
    "lr_wdecay": 0.013121354681680526,
    "hidden_dim": 265,
    "dropout": 0.5994389724294353,
    "n_layers": 2
}