{
    "patience": 47,
    "lr": 0.10570757204293726,
    "lr_wdecay": 0.013068687952075097,
    "hidden_dim": 64,
    "dropout": 0.21317615699100195,
    "n_layers": 2
}