{
    "patience": 82,
    "lr": 0.009469732821852149,
    "lr_wdecay": 0.039104381372905936,
    "hidden_dim": 265,
    "dropout": 0.6441345429443562,
    "n_layers": 2
}