{
    "init_lr": 0.08261605847067607,
    "stop_lr": 0.028388201007269354,
    "lr_factor": 1,
    "start_subsample": 0.33138574455220826,
    "stop_subsample": 0.4567116766399849,
    "timespan_subsample": 2,
    "timespan_offset_subsample": 3,
    "start_weight": 5,
    "stop_weight": 1,
    "timespan_weight": 2,
    "timespan_offset_weight": 3,
    "colsample": 0.7066668537957711,
    "max_depth": 8,
    "early_stopping_rounds": 31,
    "lambda": 1.2932069294734618e-06,
    "alpha": 2.0090232919445156e-08
}