{
    "init_lr": 0.05465151803858695,
    "stop_lr": 0.013621547533956224,
    "lr_factor": 0.95,
    "start_subsample": 0.12361318112330022,
    "stop_subsample": 0.6580696031844692,
    "timespan_subsample": 3,
    "timespan_offset_subsample": 2,
    "start_weight": 8,
    "stop_weight": 2,
    "timespan_weight": 2,
    "timespan_offset_weight": 3,
    "colsample": 0.8989524905165279,
    "max_depth": 1,
    "early_stopping_rounds": 90,
    "lambda": 0.11989564720220473,
    "alpha": 0.0001353800356266313
}