{
    "init_lr": 0.13888972991004828,
    "stop_lr": 0.11308418502814227,
    "lr_factor": 1,
    "start_subsample": 0.947949323517839,
    "stop_subsample": 0.9727247967705032,
    "timespan_subsample": 1,
    "timespan_offset_subsample": 1,
    "start_weight": 1,
    "stop_weight": 9,
    "timespan_weight": 1,
    "timespan_offset_weight": 1,
    "colsample": 0.4063130892582844,
    "max_depth": 8,
    "early_stopping_rounds": 61,
    "lambda": 0.0070096059735908775,
    "alpha": 1.7749070475908252e-07
}