{
    "patience": 85,
    "lr": 0.004622085152536239,
    "lr_wdecay": 0.0005079584244282794,
    "hidden_dim": 32,
    "dropout": 0.17929912469622902,
    "n_layers": 3
}