{
    "patience": 93,
    "lr": 0.014841901318011688,
    "lr_wdecay": 0.00041131077591399204,
    "hidden_dim": 265,
    "dropout": 0.0034955728364881667,
    "n_layers": 2
}