{
    "patience": 91,
    "lr": 0.04548691884253778,
    "lr_wdecay": 0.011703195712219635,
    "hidden_dim": 128,
    "dropout": 0.64050908353667,
    "n_layers": 3
}