{
    "patience": 25,
    "lr": 0.004161120097713969,
    "lr_wdecay": 0.007523227992074931,
    "hidden_dim": 64,
    "dropout": 0.7359465676371407,
    "n_layers": 2
}