{
    "patience": 66,
    "lr": 0.006345064546598519,
    "lr_wdecay": 0.005828627955333369,
    "hidden_dim": 128,
    "dropout": 0.8880327630944879,
    "n_layers": 2
}