{
    "patience": 62,
    "lr": 0.008739313182506063,
    "lr_wdecay": 0.014869148617043946,
    "hidden_dim": 265,
    "dropout": 0.7265377321894687,
    "n_layers": 3
}