{
    "init_lr": 0.6574052163372259,
    "stop_lr": 0.40517054032391786,
    "lr_factor": 0.99,
    "start_subsample": 0.6722381232267823,
    "stop_subsample": 0.8788681531352177,
    "timespan_subsample": 2,
    "timespan_offset_subsample": 2,
    "start_weight": 1,
    "stop_weight": 2,
    "timespan_weight": 2,
    "timespan_offset_weight": 2,
    "colsample": 0.6994380639344089,
    "max_depth": 5,
    "early_stopping_rounds": 77,
    "lambda": 0.0002170623750465323,
    "alpha": 5.771383284033396e-07
}