{
    "init_lr": 0.15681927200542045,
    "stop_lr": 0.042610072733594406,
    "lr_factor": 1,
    "start_subsample": 0.7920589740147993,
    "stop_subsample": 0.9628830929867301,
    "timespan_subsample": 1,
    "timespan_offset_subsample": 2,
    "start_weight": 6,
    "stop_weight": 1,
    "timespan_weight": 1,
    "timespan_offset_weight": 1,
    "colsample": 0.4377551892685095,
    "max_depth": 6,
    "early_stopping_rounds": 53,
    "lambda": 0.00036844972510933035,
    "alpha": 0.0411529850993833
}