{
    "init_lr": 0.13319344335468972,
    "stop_lr": 0.02325146964711627,
    "lr_factor": 1,
    "start_subsample": 0.49742152642985005,
    "stop_subsample": 0.7502291330933248,
    "timespan_subsample": 2,
    "timespan_offset_subsample": 1,
    "start_weight": 9,
    "stop_weight": 7,
    "timespan_weight": 3,
    "timespan_offset_weight": 1,
    "colsample": 0.7090932808293531,
    "max_depth": 6,
    "early_stopping_rounds": 10,
    "lambda": 8.377834371836347e-07,
    "alpha": 1.977489480817407e-05
}