{
    "loss": "epsilon_insensitive",
    "epsilon": 0.1311742725106931,
    "penalty": "l1",
    "alpha": 0.002852780516539256,
    "tol": 5.881280749310937e-05,
    "n_iter_no_change": 73
}