{
    "init_lr": 0.0686739325594272,
    "stop_lr": 0.007937324430960391,
    "lr_factor": 0.99,
    "start_subsample": 0.7937896802769079,
    "stop_subsample": 0.8037438393179165,
    "timespan_subsample": 1,
    "timespan_offset_subsample": 3,
    "start_weight": 1,
    "stop_weight": 4,
    "timespan_weight": 2,
    "timespan_offset_weight": 2,
    "colsample": 0.568712448800229,
    "max_depth": 12,
    "early_stopping_rounds": 93,
    "lambda": 9.477983827449957e-05,
    "alpha": 2.3091340851465893e-07
}