{
    "init_lr": 0.14156349065398555,
    "stop_lr": 0.038794909081568296,
    "lr_factor": 1,
    "start_subsample": 0.375408516765588,
    "stop_subsample": 0.4668986269875901,
    "timespan_subsample": 1,
    "timespan_offset_subsample": 1,
    "start_weight": 7,
    "stop_weight": 2,
    "timespan_weight": 3,
    "timespan_offset_weight": 1,
    "colsample": 0.4143133459461571,
    "max_depth": 2,
    "early_stopping_rounds": 72,
    "lambda": 0.04165503994293423,
    "alpha": 0.005160345321749313
}