{
    "loss": "hinge",
    "penalty": "elasticnet",
    "l1_ratio": 0.6103686410669507,
    "alpha": 0.002190668707460675,
    "tol": 0.001787281102569939,
    "n_iter_no_change": 59
}