{
    "init_lr": 0.036016500072042754,
    "stop_lr": 0.007423068384674919,
    "lr_factor": 1,
    "start_subsample": 0.6402184678847723,
    "stop_subsample": 0.7743662747557442,
    "timespan_subsample": 2,
    "timespan_offset_subsample": 3,
    "start_weight": 1,
    "stop_weight": 8,
    "timespan_weight": 3,
    "timespan_offset_weight": 3,
    "colsample": 0.5706428473003329,
    "max_depth": 15,
    "early_stopping_rounds": 69,
    "lambda": 2.025541041389821e-06,
    "alpha": 0.004252640865501328
}