{
    "init_lr": 0.32766266744342276,
    "stop_lr": 0.12961033941114616,
    "lr_factor": 0.99,
    "start_subsample": 0.6666785524736178,
    "stop_subsample": 0.8908885581436176,
    "timespan_subsample": 2,
    "timespan_offset_subsample": 2,
    "start_weight": 5,
    "stop_weight": 1,
    "timespan_weight": 1,
    "timespan_offset_weight": 1,
    "colsample": 0.7204233201654967,
    "max_depth": 1,
    "early_stopping_rounds": 83,
    "lambda": 0.0007707995522623624,
    "alpha": 0.6723110207720743
}