{
    "loss": "huber",
    "epsilon": 0.29339928729440135,
    "penalty": "elasticnet",
    "l1_ratio": 0.4611350297353428,
    "alpha": 0.2016668631162623,
    "tol": 0.0001754126077018291,
    "n_iter_no_change": 89
}