{
    "patience": 72,
    "lr": 0.004711467266908964,
    "lr_wdecay": 0.016106157434229676,
    "hidden_dim": 64,
    "dropout": 0.7905475922013477,
    "n_layers": 2
}