{
    "patience": 45,
    "lr": 0.046627108789273064,
    "lr_wdecay": 0.004733483015142074,
    "hidden_dim": 265,
    "dropout": 0.5439496838429183,
    "n_layers": 2
}