{
    "init_lr": 0.031174000830414758,
    "stop_lr": 0.024315892138698756,
    "lr_factor": 0.95,
    "start_subsample": 0.6374537064977861,
    "stop_subsample": 0.7212308102939761,
    "timespan_subsample": 2,
    "timespan_offset_subsample": 1,
    "start_weight": 7,
    "stop_weight": 1,
    "timespan_weight": 1,
    "timespan_offset_weight": 1,
    "colsample": 0.8985149373660721,
    "max_depth": 14,
    "early_stopping_rounds": 37,
    "lambda": 0.0040598424325113906,
    "alpha": 1.5947236483441786e-07
}