{
    "loss": "huber",
    "epsilon": 0.8322946950289325,
    "penalty": "l2",
    "alpha": 3.1611089598906537,
    "tol": 0.0015761386018097664,
    "n_iter_no_change": 34
}