{
    "patience": 8,
    "lr": 0.01220208162387142,
    "lr_wdecay": 0.002241961506471742,
    "hidden_dim": 64,
    "dropout": 0.4075622000390657,
    "n_layers": 3
}