{
    "patience": 28,
    "lr": 0.0025821746055916576,
    "lr_wdecay": 7.556648064777844e-05,
    "hidden_dim": 32,
    "dropout": 0.15330769742209094,
    "n_layers": 3
}