{
    "tree_size": 37,
    "memory_par": 0.0010169216385951735,
    "lin_trim_quantile": 0.5878888143520407,
    "exp_rand_tree_size": true
}