{
    "init_lr": 0.15086031389135512,
    "stop_lr": 0.04908206704749786,
    "lr_factor": 0.99,
    "start_subsample": 0.4580499913007078,
    "stop_subsample": 0.6114587943727349,
    "timespan_subsample": 3,
    "timespan_offset_subsample": 1,
    "start_weight": 8,
    "stop_weight": 1,
    "timespan_weight": 3,
    "timespan_offset_weight": 3,
    "colsample": 0.5189841196758758,
    "max_depth": 4,
    "early_stopping_rounds": 27,
    "lambda": 0.0008435977331778213,
    "alpha": 0.0013016130061596404
}