{
    "patience": 5,
    "lr": 0.007073438940125366,
    "lr_wdecay": 0.008590817990602781,
    "hidden_dim": 128,
    "dropout": 0.40955152039320064,
    "n_layers": 4
}