{
    "patience": 43,
    "lr": 0.002765535720532879,
    "lr_wdecay": 0.0318958029408294,
    "hidden_dim": 128,
    "dropout": 0.1566639351200561,
    "n_layers": 3
}