{
    "init_lr": 0.182751398079729,
    "stop_lr": 0.08349485705436292,
    "lr_factor": 0.99,
    "start_subsample": 0.8234195539655739,
    "stop_subsample": 0.973414524517436,
    "timespan_subsample": 1,
    "timespan_offset_subsample": 2,
    "start_weight": 8,
    "stop_weight": 1,
    "timespan_weight": 2,
    "timespan_offset_weight": 1,
    "colsample": 0.3560787564723583,
    "max_depth": 4,
    "early_stopping_rounds": 59,
    "lambda": 7.846452080536388e-06,
    "alpha": 0.006167017617003981
}