{
    "tree_size": 47,
    "memory_par": 0.004513185135347774,
    "lin_trim_quantile": 0.006583302219523841,
    "exp_rand_tree_size": true
}