{
    "init_lr": 0.037202823585100755,
    "stop_lr": 0.013108185985433044,
    "lr_factor": 1,
    "start_subsample": 0.8886549398270842,
    "stop_subsample": 0.951532664942673,
    "timespan_subsample": 1,
    "timespan_offset_subsample": 3,
    "start_weight": 8,
    "stop_weight": 2,
    "timespan_weight": 3,
    "timespan_offset_weight": 2,
    "colsample": 0.5302785729661574,
    "max_depth": 7,
    "early_stopping_rounds": 80,
    "lambda": 0.3351739480943285,
    "alpha": 0.0004876960176120049
}