{
    "tree_size": 60,
    "memory_par": 0.09710995722547283,
    "lin_trim_quantile": 0.6655003492135942,
    "exp_rand_tree_size": true
}