{
    "patience": 73,
    "lr": 0.0017229006745478573,
    "lr_wdecay": 0.02912602779693393,
    "hidden_dim": 265,
    "dropout": 0.6090735690624316,
    "n_layers": 3
}