{
    "patience": 60,
    "lr": 0.18290012032880973,
    "lr_wdecay": 0.03351428865568619,
    "hidden_dim": 32,
    "dropout": 0.026663768830723897,
    "n_layers": 2
}