{
    "init_lr": 0.3800373438920837,
    "stop_lr": 0.17699320644840968,
    "lr_factor": 0.95,
    "start_subsample": 0.847397356878561,
    "stop_subsample": 0.9100126811299611,
    "timespan_subsample": 3,
    "timespan_offset_subsample": 1,
    "start_weight": 8,
    "stop_weight": 1,
    "timespan_weight": 2,
    "timespan_offset_weight": 1,
    "colsample": 0.3457274943190518,
    "max_depth": 5,
    "early_stopping_rounds": 45,
    "lambda": 0.019862823230024213,
    "alpha": 0.0005935126051118591
}