{
    "loss": "huber",
    "epsilon": 0.669495654889921,
    "penalty": "elasticnet",
    "l1_ratio": 0.7185069426330708,
    "alpha": 0.004625741303614762,
    "tol": 0.035362426836817965,
    "n_iter_no_change": 68
}