{
    "init_lr": 0.11061225020820398,
    "stop_lr": 0.025068734767718454,
    "lr_factor": 1,
    "start_subsample": 0.38289212378296045,
    "stop_subsample": 0.6887157980953031,
    "timespan_subsample": 1,
    "timespan_offset_subsample": 3,
    "start_weight": 4,
    "stop_weight": 1,
    "timespan_weight": 1,
    "timespan_offset_weight": 3,
    "colsample": 0.9103976350023074,
    "max_depth": 3,
    "early_stopping_rounds": 76,
    "lambda": 0.07140125192442509,
    "alpha": 0.19753123740405207
}