{
    "tree_size": 6,
    "memory_par": 2.4562945816361537,
    "lin_trim_quantile": 0.07673668153995594,
    "exp_rand_tree_size": true
}