{
    "loss": "huber",
    "epsilon": 0.10177678441740433,
    "penalty": "l2",
    "alpha": 0.014218102214486213,
    "tol": 0.06316640650736173,
    "n_iter_no_change": 52
}