{
    "patience": 96,
    "lr": 0.015328136201859886,
    "lr_wdecay": 0.014742823736865454,
    "hidden_dim": 265,
    "dropout": 0.7818409965136428,
    "n_layers": 4
}