{
    "patience": 69,
    "lr": 0.003351226741796732,
    "lr_wdecay": 0.007120333667708605,
    "hidden_dim": 265,
    "dropout": 0.7530506751234552,
    "n_layers": 4
}