{
    "init_lr": 0.1817746059633343,
    "stop_lr": 0.07427461138060669,
    "lr_factor": 0.95,
    "start_subsample": 0.7674664962028181,
    "stop_subsample": 0.7967341920223715,
    "timespan_subsample": 1,
    "timespan_offset_subsample": 2,
    "start_weight": 2,
    "stop_weight": 1,
    "timespan_weight": 2,
    "timespan_offset_weight": 1,
    "colsample": 0.3620823702789392,
    "max_depth": 3,
    "early_stopping_rounds": 84,
    "lambda": 0.004908777259215347,
    "alpha": 1.4671324889474086e-07
}