{
    "patience": 46,
    "lr": 0.06081283200247653,
    "lr_wdecay": 0.018524169917767223,
    "hidden_dim": 64,
    "dropout": 0.14316105825027522,
    "n_layers": 3
}