{
    "patience": 52,
    "lr": 0.015262175726357038,
    "lr_wdecay": 0.022394605063721505,
    "hidden_dim": 128,
    "dropout": 0.3334618346174109,
    "n_layers": 4
}