{
    "loss": "huber",
    "epsilon": 4.797414719185363,
    "penalty": "l1",
    "alpha": 0.0036473328265286516,
    "tol": 0.00258487243863551,
    "n_iter_no_change": 64
}