{
    "tree_size": 2,
    "memory_par": 56.234148099461805,
    "lin_trim_quantile": 0.4143618334427666,
    "exp_rand_tree_size": true
}