{
    "init_lr": 0.1789288866309331,
    "stop_lr": 0.0372987969061602,
    "lr_factor": 0.99,
    "start_subsample": 0.4960801675388675,
    "stop_subsample": 0.6577131378416243,
    "timespan_subsample": 1,
    "timespan_offset_subsample": 2,
    "start_weight": 8,
    "stop_weight": 1,
    "timespan_weight": 1,
    "timespan_offset_weight": 2,
    "colsample": 0.7521662054815732,
    "max_depth": 8,
    "early_stopping_rounds": 25,
    "lambda": 0.00021072256676723058,
    "alpha": 0.583321810032212
}