{
    "patience": 86,
    "lr": 0.0049447658725280475,
    "lr_wdecay": 0.05231205959683097,
    "hidden_dim": 32,
    "dropout": 0.2258044658030326,
    "n_layers": 2
}