{
    "patience": 10,
    "lr": 0.003493186484581985,
    "lr_wdecay": 0.04648367269676004,
    "hidden_dim": 265,
    "dropout": 0.7945824993760789,
    "n_layers": 2
}