{
    "loss": "perceptron",
    "penalty": "elasticnet",
    "l1_ratio": 0.19087801761170156,
    "alpha": 0.003996137561937295,
    "tol": 0.0032157305923292967,
    "n_iter_no_change": 59
}