{
    "init_lr": 0.0901142054769816,
    "stop_lr": 0.072267400890512,
    "lr_factor": 0.99,
    "start_subsample": 0.97232029577162,
    "stop_subsample": 0.9961460165042779,
    "timespan_subsample": 1,
    "timespan_offset_subsample": 2,
    "start_weight": 1,
    "stop_weight": 4,
    "timespan_weight": 2,
    "timespan_offset_weight": 3,
    "colsample": 0.4215424903803179,
    "max_depth": 14,
    "early_stopping_rounds": 31,
    "lambda": 8.978523726263274e-08,
    "alpha": 0.02721290464889492
}