{
    "init_lr": 0.08442382507979707,
    "stop_lr": 0.049350372013711286,
    "lr_factor": 1,
    "start_subsample": 0.9544978171149534,
    "stop_subsample": 0.9870167336317992,
    "timespan_subsample": 2,
    "timespan_offset_subsample": 3,
    "start_weight": 9,
    "stop_weight": 1,
    "timespan_weight": 1,
    "timespan_offset_weight": 3,
    "colsample": 0.6459857648711194,
    "max_depth": 12,
    "early_stopping_rounds": 61,
    "lambda": 0.0007059500353354304,
    "alpha": 0.004186586229335793
}