{
    "tree_size": 32,
    "memory_par": 0.021311813357381616,
    "lin_trim_quantile": 0.43203557762730416,
    "exp_rand_tree_size": true
}