{
    "patience": 56,
    "lr": 0.057198727958577826,
    "lr_wdecay": 0.0030420386096058688,
    "hidden_dim": 128,
    "dropout": 0.5166308924717508,
    "n_layers": 3
}