{
    "patience": 41,
    "lr": 1.195873816767052,
    "lr_wdecay": 0.0605955585830028,
    "hidden_dim": 128,
    "dropout": 0.17827619890559432,
    "n_layers": 2
}