{
    "patience": 49,
    "lr": 54.30061327845717,
    "lr_wdecay": 0.08683219574058287,
    "hidden_dim": 265,
    "dropout": 0.28298914181840257,
    "n_layers": 3
}