{
    "patience": 55,
    "lr": 0.02751060477978165,
    "lr_wdecay": 0.0020901245969430753,
    "hidden_dim": 32,
    "dropout": 0.14303661402339693,
    "n_layers": 3
}