{
    "patience": 23,
    "lr": 0.024514485884032263,
    "lr_wdecay": 0.01009216285312401,
    "hidden_dim": 128,
    "dropout": 0.44442690662782214,
    "n_layers": 3
}