{
    "init_lr": 0.6392219909703252,
    "stop_lr": 0.3455998788507931,
    "lr_factor": 1,
    "start_subsample": 0.5216741636525611,
    "stop_subsample": 0.8206343767797387,
    "timespan_subsample": 3,
    "timespan_offset_subsample": 3,
    "start_weight": 4,
    "stop_weight": 5,
    "timespan_weight": 3,
    "timespan_offset_weight": 3,
    "colsample": 0.6608589291008291,
    "max_depth": 10,
    "early_stopping_rounds": 41,
    "lambda": 1.4899289192592175e-07,
    "alpha": 1.051561562351221e-08
}