{
    "loss": "epsilon_insensitive",
    "epsilon": 0.05349036933094369,
    "penalty": "l2",
    "alpha": 0.032085588976249586,
    "tol": 0.004715039511788656,
    "n_iter_no_change": 100
}