{
    "init_lr": 0.010835925810076877,
    "stop_lr": 0.009765306905262533,
    "lr_factor": 0.95,
    "start_subsample": 0.8457366587605298,
    "stop_subsample": 0.9472560816727754,
    "timespan_subsample": 2,
    "timespan_offset_subsample": 1,
    "start_weight": 6,
    "stop_weight": 1,
    "timespan_weight": 2,
    "timespan_offset_weight": 2,
    "colsample": 0.7805895205102376,
    "max_depth": 4,
    "early_stopping_rounds": 91,
    "lambda": 0.0004892452011778154,
    "alpha": 1.0838740956583003e-06
}