{
    "patience": 65,
    "lr": 0.11061804003353495,
    "lr_wdecay": 0.003048151253722509,
    "hidden_dim": 32,
    "dropout": 0.1989641230041419,
    "n_layers": 2
}