{
    "patience": 87,
    "lr": 0.010457200187482958,
    "lr_wdecay": 0.006539315080725871,
    "hidden_dim": 128,
    "dropout": 0.6185237617990178,
    "n_layers": 3
}