{
    "tree_size": 35,
    "memory_par": 0.013436758805230398,
    "lin_trim_quantile": 0.5168787606382499,
    "exp_rand_tree_size": false
}