{
    "init_lr": 0.4011679148100785,
    "stop_lr": 0.18493050422547425,
    "lr_factor": 0.95,
    "start_subsample": 0.6907275641811442,
    "stop_subsample": 0.811025669274248,
    "timespan_subsample": 2,
    "timespan_offset_subsample": 1,
    "start_weight": 5,
    "stop_weight": 6,
    "timespan_weight": 1,
    "timespan_offset_weight": 1,
    "colsample": 0.33820553575094875,
    "max_depth": 5,
    "early_stopping_rounds": 53,
    "lambda": 0.026327080546592135,
    "alpha": 0.0032528631183193235
}