{
    "loss": "huber",
    "epsilon": 5.367366722171555,
    "penalty": "l1",
    "alpha": 6.676950576560976e-05,
    "tol": 0.00014204971160074602,
    "n_iter_no_change": 76
}