{
    "patience": 16,
    "lr": 0.0028506796395967454,
    "lr_wdecay": 0.0031444201824592094,
    "hidden_dim": 32,
    "dropout": 0.6021344517611263,
    "n_layers": 2
}