{
    "patience": 100,
    "lr": 0.001355548808817603,
    "lr_wdecay": 0.00012401202850570567,
    "hidden_dim": 265,
    "dropout": 0.4819590287050311,
    "n_layers": 2
}