{
    "init_lr": 0.20435899451703696,
    "stop_lr": 0.09030882402444178,
    "lr_factor": 0.99,
    "start_subsample": 0.8354286517167927,
    "stop_subsample": 0.961246791782335,
    "timespan_subsample": 1,
    "timespan_offset_subsample": 1,
    "start_weight": 6,
    "stop_weight": 1,
    "timespan_weight": 1,
    "timespan_offset_weight": 3,
    "colsample": 0.29092034963251157,
    "max_depth": 4,
    "early_stopping_rounds": 33,
    "lambda": 4.115429644373011e-06,
    "alpha": 0.010518489449258327
}