{
    "loss": "epsilon_insensitive",
    "epsilon": 0.018757332293593526,
    "penalty": "elasticnet",
    "l1_ratio": 0.988223151024555,
    "alpha": 0.016349226633585505,
    "tol": 2.903069490802382e-06,
    "n_iter_no_change": 35
}