{
    "init_lr": 0.044791889104944346,
    "stop_lr": 0.007125941879980443,
    "lr_factor": 0.99,
    "start_subsample": 0.2734730193658017,
    "stop_subsample": 0.42626634347692866,
    "timespan_subsample": 2,
    "timespan_offset_subsample": 3,
    "start_weight": 5,
    "stop_weight": 1,
    "timespan_weight": 2,
    "timespan_offset_weight": 1,
    "colsample": 0.47901774162803873,
    "max_depth": 13,
    "early_stopping_rounds": 43,
    "lambda": 0.0001362599235876277,
    "alpha": 0.00880485356807103
}