{
    "loss": "squared_hinge",
    "penalty": "elasticnet",
    "l1_ratio": 0.4075072326678225,
    "alpha": 0.0038744612554766997,
    "tol": 0.002633226011300618,
    "n_iter_no_change": 30
}