{
    "patience": 60,
    "lr": 0.003900827870281094,
    "lr_wdecay": 0.00016432834244708543,
    "hidden_dim": 64,
    "dropout": 0.6079231222582816,
    "n_layers": 2
}