{
    "patience": 87,
    "lr": 0.027134947539985736,
    "lr_wdecay": 0.0033320679416710946,
    "hidden_dim": 265,
    "dropout": 0.6008471088938412,
    "n_layers": 3
}