{
    "tree_size": 68,
    "memory_par": 0.01471517989471161,
    "lin_trim_quantile": 0.7088570581445824,
    "exp_rand_tree_size": true
}