{
    "init_lr": 0.0028051524592388466,
    "stop_lr": 0.002574251910226047,
    "lr_factor": 0.99,
    "start_subsample": 0.8470054627747664,
    "stop_subsample": 0.9814316554559263,
    "timespan_subsample": 3,
    "timespan_offset_subsample": 3,
    "start_weight": 1,
    "stop_weight": 9,
    "timespan_weight": 3,
    "timespan_offset_weight": 2,
    "colsample": 0.3545888840847432,
    "max_depth": 11,
    "early_stopping_rounds": 85,
    "lambda": 1.5066004525430407e-07,
    "alpha": 0.2538973515480359
}