{
    "patience": 3,
    "lr": 0.022645396831341813,
    "lr_wdecay": 0.009789238365755976,
    "hidden_dim": 64,
    "dropout": 0.2952620864649791,
    "n_layers": 3
}