{
    "patience": 17,
    "lr": 0.02612448225244513,
    "lr_wdecay": 0.03307614316835299,
    "hidden_dim": 265,
    "dropout": 0.517749615300513,
    "n_layers": 2
}