{
    "loss": "huber",
    "epsilon": 0.04566317112514303,
    "penalty": "l1",
    "alpha": 1.332983314988572e-05,
    "tol": 2.5694197209356967e-05,
    "n_iter_no_change": 78
}