{
    "init_lr": 0.6500932728129774,
    "stop_lr": 0.3651976022227313,
    "lr_factor": 0.99,
    "start_subsample": 0.9753301993481864,
    "stop_subsample": 0.9905101982660539,
    "timespan_subsample": 2,
    "timespan_offset_subsample": 2,
    "start_weight": 2,
    "stop_weight": 10,
    "timespan_weight": 2,
    "timespan_offset_weight": 2,
    "colsample": 0.9313451934198217,
    "max_depth": 11,
    "early_stopping_rounds": 25,
    "lambda": 2.410608514101096e-08,
    "alpha": 0.005391548816420224
}