{
    "patience": 79,
    "lr": 0.0010267608300966644,
    "lr_wdecay": 0.0026696218837532733,
    "hidden_dim": 32,
    "dropout": 0.800700025663666,
    "n_layers": 2
}