{
    "patience": 8,
    "lr": 0.0010847899598618494,
    "lr_wdecay": 0.01934909730147865,
    "hidden_dim": 64,
    "dropout": 0.7175323685283591,
    "n_layers": 3
}