{
    "loss": "huber",
    "epsilon": 0.1741969061746416,
    "penalty": "l2",
    "alpha": 0.0003083229677906156,
    "tol": 0.004360985098363069,
    "n_iter_no_change": 50
}