{
    "loss": "huber",
    "epsilon": 1.3567115275845887,
    "penalty": "l2",
    "alpha": 0.002042444609995415,
    "tol": 4.231817033213718e-05,
    "n_iter_no_change": 98
}